timestamp,from_address,to_address,value,status
2023-05-01 08:15:00,ACCT12345678,ACCT87654321,1250.75,completed
2023-05-01 09:30:00,ACCT87654321,ACCT23456789,500.00,completed
2023-05-01 10:45:00,ACCT34567890,ACCT12345678,350.25,completed
2023-05-01 11:20:00,ACCT12345678,ACCT45678901,800.50,completed
2023-05-01 13:05:00,ACCT56789012,ACCT34567890,1750.00,completed
2023-05-01 14:30:00,ACCT23456789,ACCT56789012,625.35,completed
2023-05-01 15:45:00,ACCT45678901,ACCT23456789,950.80,completed
2023-05-01 16:20:00,ACCT87654321,ACCT12345678,275.15,completed
2023-05-01 17:05:00,ACCT12345678,ACCT87654321,1500.00,completed
2023-05-01 18:45:00,ACCT23456789,ACCT34567890,425.60,completed
2023-05-02 08:30:00,ACCT34567890,ACCT45678901,2300.25,completed
2023-05-02 09:15:00,ACCT45678901,ACCT56789012,175.50,completed
2023-05-02 10:50:00,ACCT56789012,ACCT87654321,900.75,completed
2023-05-02 12:05:00,ACCT87654321,ACCT23456789,1150.00,completed
2023-05-02 13:30:00,ACCT12345678,ACCT34567890,300.25,completed
2023-05-02 14:45:00,ACCT23456789,ACCT12345678,675.80,completed
2023-05-02 15:20:00,ACCT34567890,ACCT87654321,2150.50,completed
2023-05-02 16:10:00,ACCT45678901,ACCT56789012,450.25,completed
2023-05-02 17:25:00,ACCT56789012,ACCT12345678,1850.00,completed
2023-05-02 18:30:00,ACCT87654321,ACCT45678901,725.60,completed
2023-05-03 09:10:00,ACCT99999000,ACCT88888000,15000.00,completed
2023-05-03 10:15:00,ACCT88888000,ACCT99999000,15000.00,completed
2023-05-03 11:30:00,ACCT99999000,ACCT88888000,25000.00,completed
2023-05-03 12:45:00,ACCT88888000,ACCT99999000,25000.00,completed
2023-05-03 14:00:00,ACCT99999000,ACCT88888000,50000.00,completed
2023-05-03 16:30:00,ACCT12345678,ACCT23456789,525.75,completed
2023-05-03 17:45:00,ACCT23456789,ACCT34567890,875.50,completed
2023-05-03 18:20:00,ACCT34567890,ACCT45678901,1350.25,completed
2023-05-03 19:05:00,ACCT45678901,ACCT56789012,400.75,completed
2023-05-03 20:30:00,ACCT56789012,ACCT87654321,950.00,completed