"Transaction Hash","Blockno","UnixTimestamp","DateTime (UTC)","From","To","ContractAddress","Value_IN(ETH)","Value_OUT(ETH)","CurrentValue @ $2502.19569963452/Eth","TxnFee(ETH)","TxnFee(USD)","Historical $Price/Eth","Status","ErrCode","Method"
"0x2e3b8fffe78e51c23f390e26f7a0a77f33e2f3bee722ed4c81f564dd3eb642e4","22406785","1746317927","2025-05-04 00:18:47","0x290ca4da2c963dea5ae736469a5b8a53d64d4e6a","0xda9dfa130df4de4673b89022ee50ff26f6ea73cf","","0","0","0","0.0000405648","0.101501068116534","1809.00","","","0x68747470"
"0x289b7bd83cd381c27d7872c056c6e41d0ea1a67379e40f4eaec01c85f0d7e6b6","22406812","1746318251","2025-05-04 00:24:11","0x290ca4da2c963dea5ae736469a5b8a53d64d4e6a","0xda9dfa130df4de4673b89022ee50ff26f6ea73cf","","0","0","0","0.000022536","0.0563894822869635","1809.00","","","0x68747470"
"0x1c9817fdae5e4d8b212ea7194c388a17a041e30c9b4963d1b8cbeee946955a35","22407063","1746321299","2025-05-04 01:14:59","0x290ca4da2c963dea5ae736469a5b8a53d64d4e6a","0xda9dfa130df4de4673b89022ee50ff26f6ea73cf","","0","0","0","0.000022536","0.0563894822869635","1809.00","","","0x68747470"
"0x74d77eaa9d1a7c75654772ebb8169da097cdeb19138584f472c5210d0a9cf2f6","22407102","1746321767","2025-05-04 01:22:47","0x290ca4da2c963dea5ae736469a5b8a53d64d4e6a","0xda9dfa130df4de4673b89022ee50ff26f6ea73cf","","0","0","0","0.000022536","0.0563894822869635","1809.00","","","0x68747470"
"0xea87acb903eedb60447b835b2555d46b5af41447a58238767b9a3225742c2d25","22407145","1746322283","2025-05-04 01:31:23","0x290ca4da2c963dea5ae736469a5b8a53d64d4e6a","0xda9dfa130df4de4673b89022ee50ff26f6ea73cf","","0","0","0","0.000022472","0.0562293417621869","1809.00","","","0x68747470"
"0x2f82cec5c304c42598613a47abd74cbf62f931552b419f7b6471394fcbeef5c1","22407156","1746322415","2025-05-04 01:33:35","0x290ca4da2c963dea5ae736469a5b8a53d64d4e6a","0xda9dfa130df4de4673b89022ee50ff26f6ea73cf","","0","0","0","0.000022712","0.0568298687300992","1809.00","","","0x68747470"
"0x7129edc9e1a62182a7c291942c0a5dab4795264755c0bdfd88dc8f36dc350fb0","22407410","1746325487","2025-05-04 02:24:47","0x290ca4da2c963dea5ae736469a5b8a53d64d4e6a","0xda9dfa130df4de4673b89022ee50ff26f6ea73cf","","0","0","0","0.000022712","0.0568298687300992","1809.00","","","0x68747470"
"0x4a72d51b51bd5962ce4523aca478c833b393179051a70c1b8675a37e666fe5bf","22407446","1746325931","2025-05-04 02:32:11","0x290ca4da2c963dea5ae736469a5b8a53d64d4e6a","0xda9dfa130df4de4673b89022ee50ff26f6ea73cf","","0","0","0","0.000022712","0.0568298687300992","1809.00","","","0x68747470"
"0xec5b8377fc4f648c150ac2bccec21a1b082eafc206f24cd6ccd7c54804db40f8","22407530","1746326939","2025-05-04 02:48:59","0x290ca4da2c963dea5ae736469a5b8a53d64d4e6a","0xda9dfa130df4de4673b89022ee50ff26f6ea73cf","","0","0","0","0.000022712","0.0568298687300992","1809.00","","","0x68747470"
"0x99d7a78f3caecb9a786d829d7008c3ee53b0c66c90a1114eb3bfb9f00de9e79c","22407778","1746329963","2025-05-04 03:39:23","0x290ca4da2c963dea5ae736469a5b8a53d64d4e6a","0xda9dfa130df4de4673b89022ee50ff26f6ea73cf","","0","0","0","0.000022712","0.0568298687300992","1809.00","","","0x68747470"
"0x25e10f34759d8f5423b8b1f4a62d1aabc3fc22bf3a0da02118c0baa03417feb5","22407815","1746330407","2025-05-04 03:46:47","0x290ca4da2c963dea5ae736469a5b8a53d64d4e6a","0xda9dfa130df4de4673b89022ee50ff26f6ea73cf","","0","0","0","0.000022712","0.0568298687300992","1809.00","","","0x68747470"
"0x5463541910ae8d315a3e8068b00b4d399e28ffeb02aad482ed81358a80541c24","22407899","1746331415","2025-05-04 04:03:35","0x290ca4da2c963dea5ae736469a5b8a53d64d4e6a","0xda9dfa130df4de4673b89022ee50ff26f6ea73cf","","0","0","0","0.000022712","0.0568298687300992","1809.00","","","0x68747470"
"0xbb62ce8d1d0cfa44d626a042d140870298da92e1fcb26e1eb2b0d912616c203e","22408149","1746334439","2025-05-04 04:53:59","0x290ca4da2c963dea5ae736469a5b8a53d64d4e6a","0xda9dfa130df4de4673b89022ee50ff26f6ea73cf","","0","0","0","0.000022712","0.0568298687300992","1809.00","","","0x68747470"
"0x91f9ad81d4c0aaf2cc591a3eba6b09ab74a088ee5d47f1fd6b715f7984104e1a","22408186","1746334883","2025-05-04 05:01:23","0x290ca4da2c963dea5ae736469a5b8a53d64d4e6a","0xda9dfa130df4de4673b89022ee50ff26f6ea73cf","","0","0","0","0.000022712","0.0568298687300992","1809.00","","","0x68747470"
"0xfecd863459f170d7e9340a1ca5a2557c538e3cf9cc2fabff12d7dc066b325c96","22408270","1746335903","2025-05-04 05:18:23","0x290ca4da2c963dea5ae736469a5b8a53d64d4e6a","0xda9dfa130df4de4673b89022ee50ff26f6ea73cf","","0","0","0","0.000022712","0.0568298687300992","1809.00","","","0x68747470"
"0x3815439a7fc5f02061330f0685d3fb83b8250d0206cc05395c3a019f81722770","22408521","1746338939","2025-05-04 06:08:59","0x290ca4da2c963dea5ae736469a5b8a53d64d4e6a","0xda9dfa130df4de4673b89022ee50ff26f6ea73cf","","0","0","0","0.000022712","0.0568298687300992","1809.00","","","0x68747470"
"0xc6c1615793746d9592b290b85825e445ff8f413b6f1bab4dc114a99221b387b1","22408558","1746339383","2025-05-04 06:16:23","0x290ca4da2c963dea5ae736469a5b8a53d64d4e6a","0xda9dfa130df4de4673b89022ee50ff26f6ea73cf","","0","0","0","0.000022712","0.0568298687300992","1809.00","","","0x68747470"
"0xda1170fc495c726df55d7ad132fae257ec86c0fa81a4cebbeabc8628b13f4727","22408643","1746340403","2025-05-04 06:33:23","0x290ca4da2c963dea5ae736469a5b8a53d64d4e6a","0xda9dfa130df4de4673b89022ee50ff26f6ea73cf","","0","0","0","0.000022712","0.0568298687300992","1809.00","","","0x68747470"
"0x1502c6896c5ad5100815d1448fed0e7a1b53c831d8eeb95139e181e4ae47fe08","22408894","1746343451","2025-05-04 07:24:11","0x290ca4da2c963dea5ae736469a5b8a53d64d4e6a","0xda9dfa130df4de4673b89022ee50ff26f6ea73cf","","0","0","0","0.000022712","0.0568298687300992","1809.00","","","0x68747470"
"0xd1890e0ddd890bb107d33be4bac7ec8fcf63b72da646c357c5d8e005fe51c66c","22408931","1746343895","2025-05-04 07:31:35","0x290ca4da2c963dea5ae736469a5b8a53d64d4e6a","0xda9dfa130df4de4673b89022ee50ff26f6ea73cf","","0","0","0","0.000022712","0.0568298687300992","1809.00","","","0x68747470"