from_address,to_address,value,timestamp
0x9999999999999999999999999999999999999999,0x1111111111111111111111111111111111111111,15000,2024-01-15 14:00:00
0x9999999999999999999999999999999999999999,0x2222222222222222222222222222222222222222,14500,2024-01-15 14:05:00
0x9999999999999999999999999999999999999999,0x3333333333333333333333333333333333333333,15200,2024-01-15 14:10:00
0x9999999999999999999999999999999999999999,0x4444444444444444444444444444444444444444,14800,2024-01-15 14:15:00
0x9999999999999999999999999999999999999999,0x5555555555555555555555555555555555555555,15100,2024-01-15 14:20:00
0x9999999999999999999999999999999999999999,0x6666666666666666666666666666666666666666,14900,2024-01-15 14:25:00
0x9999999999999999999999999999999999999999,0x7777777777777777777777777777777777777777,15300,2024-01-15 14:30:00
0x9999999999999999999999999999999999999999,0x8888888888888888888888888888888888888888,14700,2024-01-15 14:35:00
0x9999999999999999999999999999999999999999,0x9999999999999999999999999999999999999999,15000,2024-01-15 14:40:00
0x9999999999999999999999999999999999999999,0x1010101010101010101010101010101010101010,14600,2024-01-15 14:45:00