transaction_id,date,amount,merchant,country,description
TX_000001,2025-07-18T11:10:06.466332,148.05466391197683,McDonald's,Australia,Normal transaction
TX_000002,2025-07-18T17:10:06.466332,69.1587467271855,Hungry Jack's,Australia,Normal transaction
TX_000003,2025-07-18T06:10:06.466332,208.6089747689674,Caltex,Australia,Normal transaction
TX_000004,2025-07-18T20:10:06.466332,50.405685168512804,Liquorland,Australia,Normal transaction
TX_000005,2025-07-18T06:10:06.466332,151.38253966878838,IGA,Australia,Normal transaction
TX_000006,2025-07-18T18:10:06.466332,136.78677814730833,KFC,Australia,Normal transaction
TX_000007,2025-07-18T11:10:06.466332,122.55163727886347,BP,Australia,Normal transaction
TX_000008,2025-07-18T18:10:06.466332,168.45200875627984,JB Hi-Fi,Australia,Normal transaction
TX_000009,2025-07-19T12:10:06.466332,48.92122312095951,NAB,Australia,Normal transaction
TX_000010,2025-07-19T06:10:06.466332,19.603214067837328,Woolworths,Australia,Normal transaction
TX_000011,2025-07-19T08:10:06.466332,136.69810225218475,Commonwealth Bank,Australia,Normal transaction
TX_000012,2025-07-19T20:10:06.466332,21.876419544258866,Officeworks,Australia,Normal transaction
TX_000013,2025-07-19T08:10:06.466332,111.56012356656404,Liquorland,Australia,Normal transaction
TX_000014,2025-07-19T07:10:06.466332,133.09466190877018,Shell,Australia,Normal transaction
TX_000015,2025-07-19T17:10:06.466332,85.07247643505765,Aldi,Australia,Normal transaction
TX_000016,2025-07-19T13:10:06.466332,73.24170459167642,Caltex,Australia,Normal transaction
TX_000017,2025-07-20T18:10:06.466332,120.89243821623658,BP,Australia,Normal transaction
TX_000018,2025-07-20T10:10:06.466332,107.34334803564684,Dan Murphy's,Australia,Normal transaction
TX_000019,2025-07-20T15:10:06.466332,201.57122360766027,Bunnings,Australia,Normal transaction
TX_000020,2025-07-20T07:10:06.466332,336.59999084399914,Dan Murphy's,Australia,Normal transaction
TX_000021,2025-07-20T17:10:06.466332,5.015539338169347,JB Hi-Fi,Australia,Normal transaction
TX_000022,2025-07-20T07:10:06.466332,122.25338112081087,McDonald's,Australia,Normal transaction
TX_000023,2025-07-20T06:10:06.466332,17.441090955189864,Dan Murphy's,Australia,Normal transaction
TX_000024,2025-07-20T20:10:06.466332,46.85563363211264,Target,Australia,Normal transaction
TX_000025,2025-07-21T20:10:06.466332,91.47863178822908,Coles,Australia,Normal transaction
TX_000026,2025-07-21T08:10:06.466332,12.94296529914267,7-Eleven,Australia,Normal transaction
TX_000027,2025-07-21T10:10:06.466332,37.02088454557557,Commonwealth Bank,Australia,Normal transaction
TX_000028,2025-07-21T08:10:06.466332,47.306706757326026,Commonwealth Bank,Australia,Normal transaction
TX_000029,2025-07-21T16:10:06.466332,41.90189249370387,Westpac,Australia,Normal transaction
TX_000030,2025-07-21T10:10:06.466332,47.37840081324944,Target,Australia,Normal transaction
TX_000031,2025-07-21T14:10:06.466332,198.05811148729208,Aldi,Australia,Normal transaction
TX_000032,2025-07-21T20:10:06.466332,41.202573824460025,Dan Murphy's,Australia,Normal transaction
TX_000033,2025-07-22T19:10:06.466332,195.3149831909522,Aldi,Australia,Normal transaction
TX_000034,2025-07-22T15:10:06.466332,109.65019982588711,Commonwealth Bank,Australia,Normal transaction
TX_000035,2025-07-22T14:10:06.466332,93.11272948315333,Spotify,Australia,Normal transaction
TX_000036,2025-07-22T06:10:06.466332,103.52979577412007,Harvey Norman,Australia,Normal transaction
TX_000037,2025-07-22T16:10:06.466332,325.5906786970861,BP,Australia,Normal transaction
TX_000038,2025-07-22T14:10:06.466332,330.2193435289185,Commonwealth Bank,Australia,Normal transaction
TX_000039,2025-07-22T17:10:06.466332,217.33186285812175,Commonwealth Bank,Australia,Normal transaction
TX_000040,2025-07-22T20:10:06.466332,224.63338241646744,7-Eleven,Australia,Normal transaction
TX_000041,2025-07-23T11:10:06.466332,71.25811967579067,Caltex,Australia,Normal transaction
TX_000042,2025-07-23T08:10:06.466332,76.00543152508432,Woolworths,Australia,Normal transaction
TX_000043,2025-07-23T11:10:06.466332,29.228839555658737,Spotify,Australia,Normal transaction
TX_000044,2025-07-23T20:10:06.466332,9.801511536914234,Harvey Norman,Australia,Normal transaction
TX_000045,2025-07-23T17:10:06.466332,186.3114211215638,7-Eleven,Australia,Normal transaction
TX_000046,2025-07-23T20:10:06.466332,4.044029265753522,Bunnings,Australia,Normal transaction
TX_000047,2025-07-23T20:10:06.466332,232.94287744126197,Coles,Australia,Normal transaction
TX_000048,2025-07-23T09:10:06.466332,77.33854671071416,BWS,Australia,Normal transaction
TX_000049,2025-07-24T19:10:06.466332,150.38817907576276,Kmart,Australia,Normal transaction
TX_000050,2025-07-24T17:10:06.466332,127.7074797745539,Commonwealth Bank,Australia,Normal transaction
TX_000051,2025-07-24T06:10:06.466332,97.58972259150225,McDonald's,Australia,Normal transaction
TX_000052,2025-07-24T15:10:06.466332,82.01982243579039,Subway,Australia,Normal transaction
TX_000053,2025-07-24T16:10:06.466332,90.33072047544782,Liquorland,Australia,Normal transaction
TX_000054,2025-07-24T15:10:06.466332,26.476303272284426,The Good Guys,Australia,Normal transaction
TX_000055,2025-07-24T16:10:06.466332,115.19267811632066,BP,Australia,Normal transaction
TX_000056,2025-07-24T09:10:06.466332,17.12660518092447,NAB,Australia,Normal transaction
TX_000057,2025-07-25T15:10:06.466332,178.3537308708557,Spotify,Australia,Normal transaction
TX_000058,2025-07-25T06:10:06.466332,47.182163542069894,Caltex,Australia,Normal transaction
TX_000059,2025-07-25T20:10:06.466332,7.585613912121559,JB Hi-Fi,Australia,Normal transaction
TX_000060,2025-07-25T16:10:06.466332,192.97378713096697,NAB,Australia,Normal transaction
TX_000061,2025-07-25T07:10:06.466332,44.0004987554066,Commonwealth Bank,Australia,Normal transaction
TX_000062,2025-07-25T16:10:06.466332,133.38094104352334,Caltex,Australia,Normal transaction
TX_000063,2025-07-25T07:10:06.466332,23.848503492881754,McDonald's,Australia,Normal transaction
TX_000064,2025-07-25T07:10:06.466332,126.45656644623253,NAB,Australia,Normal transaction
TX_000065,2025-07-26T17:10:06.466332,50.508692879851004,Kmart,Australia,Normal transaction
TX_000066,2025-07-26T18:10:06.466332,92.50728214191273,JB Hi-Fi,Australia,Normal transaction
TX_000067,2025-07-26T06:10:06.466332,306.0597501468617,Bunnings,Australia,Normal transaction
TX_000068,2025-07-26T15:10:06.466332,26.110063368756713,Aldi,Australia,Normal transaction
TX_000069,2025-07-26T20:10:06.466332,72.4534811511032,JB Hi-Fi,Australia,Normal transaction
TX_000070,2025-07-26T17:10:06.466332,113.62496347776437,JB Hi-Fi,Australia,Normal transaction
TX_000071,2025-07-26T10:10:06.466332,97.18130955318111,Coles,Australia,Normal transaction
TX_000072,2025-07-26T08:10:06.466332,26.1419262093806,BP,Australia,Normal transaction
TX_000073,2025-07-27T14:10:06.466332,106.52210309045576,Target,Australia,Normal transaction
TX_000074,2025-07-27T15:10:06.466332,89.66387625867846,Subway,Australia,Normal transaction
TX_000075,2025-07-27T11:10:06.466332,94.85486489037419,Coles,Australia,Normal transaction
TX_000076,2025-07-27T13:10:06.466332,72.63642126144198,Subway,Australia,Normal transaction
TX_000077,2025-07-27T11:10:06.466332,44.80735891371924,JB Hi-Fi,Australia,Normal transaction
TX_000078,2025-07-27T15:10:06.466332,58.7332277673993,NAB,Australia,Normal transaction
TX_000079,2025-07-27T16:10:06.466332,64.13188157858386,IGA,Australia,Normal transaction
TX_000080,2025-07-27T19:10:06.466332,130.958081065589,Target,Australia,Normal transaction
TX_000081,2025-07-28T19:10:06.466332,51.85251583178009,Shell,Australia,Normal transaction
TX_000082,2025-07-28T08:10:06.466332,354.36629026434235,Apple,Australia,Normal transaction
TX_000083,2025-07-28T08:10:06.466332,67.97731989997737,The Good Guys,Australia,Normal transaction
TX_000084,2025-07-28T19:10:06.466332,300.3010023010471,Harvey Norman,Australia,Normal transaction
TX_000085,2025-07-28T06:10:06.466332,7.0003452670910775,Westpac,Australia,Normal transaction
TX_000086,2025-07-28T08:10:06.466332,95.75231503534974,Liquorland,Australia,Normal transaction
TX_000087,2025-07-28T16:10:06.466332,105.26983629419595,Subway,Australia,Normal transaction
TX_000088,2025-07-28T17:10:06.466332,37.81777863862862,Harvey Norman,Australia,Normal transaction
TX_000089,2025-07-29T12:10:06.466332,35.28418607053185,Apple,Australia,Normal transaction
TX_000090,2025-07-29T14:10:06.466332,99.30279931879059,Subway,Australia,Normal transaction
TX_000091,2025-07-29T09:10:06.466332,82.03527827345866,Harvey Norman,Australia,Normal transaction
TX_000092,2025-07-29T11:10:06.466332,1.0448223167496309,Subway,Australia,Normal transaction
TX_000093,2025-07-29T13:10:06.466332,29.359887726930154,Liquorland,Australia,Normal transaction
TX_000094,2025-07-29T11:10:06.466332,59.07877814029075,NAB,Australia,Normal transaction
TX_000095,2025-07-29T11:10:06.466332,222.46391624595867,Westpac,Australia,Normal transaction
TX_000096,2025-07-29T19:10:06.466332,25.708138821062178,Commonwealth Bank,Australia,Normal transaction
TX_000097,2025-07-30T12:10:06.466332,65.34324470823415,BWS,Australia,Normal transaction
TX_000098,2025-07-30T17:10:06.466332,29.674351541016122,Aldi,Australia,Normal transaction
TX_000099,2025-07-30T20:10:06.466332,253.29743898904502,JB Hi-Fi,Australia,Normal transaction
TX_000100,2025-07-30T07:10:06.466332,70.95329585371073,IGA,Australia,Normal transaction
TX_000101,2025-07-30T13:10:06.466332,86.2250871220062,Aldi,Australia,Normal transaction
TX_000102,2025-07-30T15:10:06.466332,25.72177404069989,Liquorland,Australia,Normal transaction
TX_000103,2025-07-30T15:10:06.466332,133.45434255460893,Spotify,Australia,Normal transaction
TX_000104,2025-07-30T10:10:06.466332,266.94344866770723,Commonwealth Bank,Australia,Normal transaction
TX_000105,2025-07-31T11:10:06.466332,51.15038848641843,KFC,Australia,Normal transaction
TX_000106,2025-07-31T18:10:06.466332,55.33138718424241,Subway,Australia,Normal transaction
TX_000107,2025-07-31T20:10:06.466332,79.10894746654303,Subway,Australia,Normal transaction
TX_000108,2025-07-31T15:10:06.466332,254.29821562669807,Westpac,Australia,Normal transaction
TX_000109,2025-07-31T07:10:06.466332,252.2610562127666,Woolworths,Australia,Normal transaction
TX_000110,2025-07-31T16:10:06.466332,233.87360780989002,IGA,Australia,Normal transaction
TX_000111,2025-07-31T14:10:06.466332,218.6648560959037,Apple,Australia,Normal transaction
TX_000112,2025-07-31T18:10:06.466332,36.91250585909141,Spotify,Australia,Normal transaction
TX_000113,2025-08-01T12:10:06.466332,306.416150857729,The Good Guys,Australia,Normal transaction
TX_000114,2025-08-01T06:10:06.466332,140.119244446229,Harvey Norman,Australia,Normal transaction
TX_000115,2025-08-01T09:10:06.466332,100.20468637321325,Dan Murphy's,Australia,Normal transaction
TX_000116,2025-08-01T11:10:06.466332,31.246169502778258,Aldi,Australia,Normal transaction
TX_000117,2025-08-01T11:10:06.466332,66.66450840696706,The Good Guys,Australia,Normal transaction
TX_000118,2025-08-01T08:10:06.466332,68.8480519695112,Coles,Australia,Normal transaction
TX_000119,2025-08-01T08:10:06.466332,216.25012544982812,IGA,Australia,Normal transaction
TX_000120,2025-08-01T17:10:06.466332,93.21408882409244,Westpac,Australia,Normal transaction
TX_000121,2025-08-02T07:10:06.466332,228.2882410223509,Apple,Australia,Normal transaction
TX_000122,2025-08-02T19:10:06.466332,156.5525419178215,Westpac,Australia,Normal transaction
TX_000123,2025-08-02T12:10:06.466332,94.00150673031023,Officeworks,Australia,Normal transaction
TX_000124,2025-08-02T14:10:06.466332,84.95834665164699,Aldi,Australia,Normal transaction
TX_000125,2025-08-02T18:10:06.466332,9.671380809533275,Netflix,Australia,Normal transaction
TX_000126,2025-08-02T08:10:06.466332,152.21945559008896,Woolworths,Australia,Normal transaction
TX_000127,2025-08-02T06:10:06.466332,173.62138529043628,KFC,Australia,Normal transaction
TX_000128,2025-08-02T18:10:06.466332,124.4200488989158,Aldi,Australia,Normal transaction
TX_000129,2025-08-03T08:10:06.466332,78.14000782034744,Kmart,Australia,Normal transaction
TX_000130,2025-08-03T19:10:06.466332,74.57658577745894,NAB,Australia,Normal transaction
TX_000131,2025-08-03T16:10:06.466332,54.49048103692883,Target,Australia,Normal transaction
TX_000132,2025-08-03T17:10:06.466332,84.793097247313,Shell,Australia,Normal transaction
TX_000133,2025-08-03T16:10:06.466332,246.10172634050753,Subway,Australia,Normal transaction
TX_000134,2025-08-03T12:10:06.466332,4.473066763398023,The Good Guys,Australia,Normal transaction
TX_000135,2025-08-03T12:10:06.466332,160.00528695857733,McDonald's,Australia,Normal transaction
TX_000136,2025-08-03T11:10:06.466332,96.31731784608961,Dan Murphy's,Australia,Normal transaction
TX_000137,2025-08-04T06:10:06.466332,160.02251221758235,JB Hi-Fi,Australia,Normal transaction
TX_000138,2025-08-04T17:10:06.466332,93.70536213891079,McDonald's,Australia,Normal transaction
TX_000139,2025-08-04T11:10:06.466332,1.1639921135524531,Harvey Norman,Australia,Normal transaction
TX_000140,2025-08-04T14:10:06.466332,232.4368829744253,Westpac,Australia,Normal transaction
TX_000141,2025-08-04T14:10:06.466332,213.11781490513295,NAB,Australia,Normal transaction
TX_000142,2025-08-04T16:10:06.466332,43.195910929709676,BWS,Australia,Normal transaction
TX_000143,2025-08-04T07:10:06.466332,259.92580694038713,BP,Australia,Normal transaction
TX_000144,2025-08-04T19:10:06.466332,9.312214558871077,McDonald's,Australia,Normal transaction
TX_000145,2025-08-05T16:10:06.466332,178.77748429407308,Target,Australia,Normal transaction
TX_000146,2025-08-05T11:10:06.466332,122.1790465825624,Woolworths,Australia,Normal transaction
TX_000147,2025-08-05T14:10:06.466332,16.873432833825433,BWS,Australia,Normal transaction
TX_000148,2025-08-05T07:10:06.466332,89.39444284994201,Apple,Australia,Normal transaction
TX_000149,2025-08-05T07:10:06.466332,62.08232962773408,Target,Australia,Normal transaction
TX_000150,2025-08-05T12:10:06.466332,53.58122876200029,McDonald's,Australia,Normal transaction
TX_000151,2025-08-05T10:10:06.466332,51.85552326940305,Coles,Australia,Normal transaction
TX_000152,2025-08-05T14:10:06.466332,205.05741523173617,Kmart,Australia,Normal transaction
TX_000153,2025-08-06T15:10:06.466332,243.3849394697312,JB Hi-Fi,Australia,Normal transaction
TX_000154,2025-08-06T17:10:06.466332,79.21745390945486,Netflix,Australia,Normal transaction
TX_000155,2025-08-06T10:10:06.466332,164.0786084803197,Kmart,Australia,Normal transaction
TX_000156,2025-08-06T07:10:06.466332,96.4786671841158,BP,Australia,Normal transaction
TX_000157,2025-08-06T18:10:06.466332,52.83258743483495,Bunnings,Australia,Normal transaction
TX_000158,2025-08-06T18:10:06.466332,47.99001889640017,Officeworks,Australia,Normal transaction
TX_000159,2025-08-06T10:10:06.466332,115.30881077634905,McDonald's,Australia,Normal transaction
TX_000160,2025-08-06T07:10:06.466332,91.96475913085797,7-Eleven,Australia,Normal transaction
TX_000161,2025-08-07T19:10:06.466332,193.92693682658648,JB Hi-Fi,Australia,Normal transaction
TX_000162,2025-08-07T17:10:06.466332,343.38730637347413,Target,Australia,Normal transaction
TX_000163,2025-08-07T07:10:06.466332,10.273005083525362,BWS,Australia,Normal transaction
TX_000164,2025-08-07T16:10:06.466332,106.70464024033589,IGA,Australia,Normal transaction
TX_000165,2025-08-07T16:10:06.466332,214.83421677588683,BP,Australia,Normal transaction
TX_000166,2025-08-07T18:10:06.466332,93.5324308604225,NAB,Australia,Normal transaction
TX_000167,2025-08-07T12:10:06.466332,109.36687863269749,Harvey Norman,Australia,Normal transaction
TX_000168,2025-08-07T12:10:06.466332,204.0746908070384,BP,Australia,Normal transaction
TX_000169,2025-08-08T11:10:06.466332,194.01111640750514,JB Hi-Fi,Australia,Normal transaction
TX_000170,2025-08-08T19:10:06.466332,99.0294080992526,Caltex,Australia,Normal transaction
TX_000171,2025-08-08T10:10:06.466332,333.890965533041,7-Eleven,Australia,Normal transaction
TX_000172,2025-08-08T17:10:06.466332,89.62104572115472,Bunnings,Australia,Normal transaction
TX_000173,2025-08-08T18:10:06.466332,30.40066219365545,Shell,Australia,Normal transaction
TX_000174,2025-08-08T12:10:06.466332,160.05405876324926,Westpac,Australia,Normal transaction
TX_000175,2025-08-08T09:10:06.466332,137.4950382052547,Spotify,Australia,Normal transaction
TX_000176,2025-08-08T15:10:06.466332,197.4267872050159,Harvey Norman,Australia,Normal transaction
TX_000177,2025-08-09T19:10:06.466332,108.9190710433052,NAB,Australia,Normal transaction
TX_000178,2025-08-09T06:10:06.466332,246.887175474306,Subway,Australia,Normal transaction
TX_000179,2025-08-09T17:10:06.466332,58.44223563920524,Commonwealth Bank,Australia,Normal transaction
TX_000180,2025-08-09T16:10:06.466332,19.409907414538097,Netflix,Australia,Normal transaction
TX_000181,2025-08-09T06:10:06.466332,182.08927562640417,Liquorland,Australia,Normal transaction
TX_000182,2025-08-09T06:10:06.466332,66.91287890745438,Woolworths,Australia,Normal transaction
TX_000183,2025-08-09T13:10:06.466332,313.9350896614484,Liquorland,Australia,Normal transaction
TX_000184,2025-08-09T17:10:06.466332,70.82071383107055,Caltex,Australia,Normal transaction
TX_000185,2025-08-10T17:10:06.466332,72.43284700243626,Target,Australia,Normal transaction
TX_000186,2025-08-10T12:10:06.466332,41.12844498488492,Bunnings,Australia,Normal transaction
TX_000187,2025-08-10T09:10:06.466332,105.32909832440147,Aldi,Australia,Normal transaction
TX_000188,2025-08-10T11:10:06.466332,13.322840739430177,KFC,Australia,Normal transaction
TX_000189,2025-08-10T13:10:06.466332,120.93961249524844,Caltex,Australia,Normal transaction
TX_000190,2025-08-10T06:10:06.466332,136.52161757343399,Spotify,Australia,Normal transaction
TX_000191,2025-08-10T20:10:06.466332,14.655271867890278,Dan Murphy's,Australia,Normal transaction
TX_000192,2025-08-10T07:10:06.466332,65.89492553368144,Bunnings,Australia,Normal transaction
TX_000193,2025-08-11T18:10:06.466332,23.900783756626637,Target,Australia,Normal transaction
TX_000194,2025-08-11T16:10:06.466332,206.9103409858062,The Good Guys,Australia,Normal transaction
TX_000195,2025-08-11T11:10:06.466332,6.471074403501504,Kmart,Australia,Normal transaction
TX_000196,2025-08-11T16:10:06.466332,149.16937208632234,Caltex,Australia,Normal transaction
TX_000197,2025-08-11T06:10:06.466332,99.35374927408496,Hungry Jack's,Australia,Normal transaction
TX_000198,2025-08-11T18:10:06.466332,50.28573330114347,Kmart,Australia,Normal transaction
TX_000199,2025-08-11T11:10:06.466332,100.8865618950731,BWS,Australia,Normal transaction
TX_000200,2025-08-11T18:10:06.466332,1.9030556255725628,BWS,Australia,Normal transaction
TX_000201,2025-08-12T16:10:06.466332,35.3766630836057,BWS,Australia,Normal transaction
TX_000202,2025-08-12T10:10:06.466332,158.36557768582858,Woolworths,Australia,Normal transaction
TX_000203,2025-08-12T19:10:06.466332,216.64695361581067,Subway,Australia,Normal transaction
TX_000204,2025-08-12T08:10:06.466332,21.103243048493667,Hungry Jack's,Australia,Normal transaction
TX_000205,2025-08-12T10:10:06.466332,204.53957089191272,Woolworths,Australia,Normal transaction
TX_000206,2025-08-12T11:10:06.466332,313.48155210342225,Netflix,Australia,Normal transaction
TX_000207,2025-08-12T12:10:06.466332,82.91038759159224,BP,Australia,Normal transaction
TX_000208,2025-08-12T07:10:06.466332,104.092759414509,Harvey Norman,Australia,Normal transaction
TX_000209,2025-08-13T14:10:06.466332,131.25805944641914,McDonald's,Australia,Normal transaction
TX_000210,2025-08-13T17:10:06.466332,8.285116980245093,Apple,Australia,Normal transaction
TX_000211,2025-08-13T10:10:06.466332,150.95631601321352,NAB,Australia,Normal transaction
TX_000212,2025-08-13T15:10:06.466332,205.96039221035497,Spotify,Australia,Normal transaction
TX_000213,2025-08-13T07:10:06.466332,111.93674919540524,Hungry Jack's,Australia,Normal transaction
TX_000214,2025-08-13T13:10:06.466332,275.85206334119675,Kmart,Australia,Normal transaction
TX_000215,2025-08-13T09:10:06.466332,11.878085061891582,Harvey Norman,Australia,Normal transaction
TX_000216,2025-08-13T07:10:06.466332,49.45670801009702,Netflix,Australia,Normal transaction
TX_000217,2025-08-14T07:10:06.466332,66.23315599137817,McDonald's,Australia,Normal transaction
TX_000218,2025-08-14T09:10:06.466332,73.74804272404421,IGA,Australia,Normal transaction
TX_000219,2025-08-14T16:10:06.466332,170.32786704430566,Aldi,Australia,Normal transaction
TX_000220,2025-08-14T07:10:06.466332,44.94279487154621,The Good Guys,Australia,Normal transaction
TX_000221,2025-08-14T12:10:06.466332,36.74350054995384,Subway,Australia,Normal transaction
TX_000222,2025-08-14T07:10:06.466332,58.16895810921207,Bunnings,Australia,Normal transaction
TX_000223,2025-08-14T15:10:06.466332,146.64301001554486,Woolworths,Australia,Normal transaction
TX_000224,2025-08-14T12:10:06.466332,46.274094433010966,Liquorland,Australia,Normal transaction
TX_000225,2025-08-15T06:10:06.466332,106.46148896879993,Officeworks,Australia,Normal transaction
TX_000226,2025-08-15T12:10:06.466332,74.71132947907054,Caltex,Australia,Normal transaction
TX_000227,2025-08-15T19:10:06.466332,51.97714699173755,Westpac,Australia,Normal transaction
TX_000228,2025-08-15T06:10:06.466332,23.321173364768825,Officeworks,Australia,Normal transaction
TX_000229,2025-08-15T15:10:06.466332,80.90753577668698,KFC,Australia,Normal transaction
TX_000230,2025-08-15T17:10:06.466332,164.62063357349018,Netflix,Australia,Normal transaction
TX_000231,2025-08-15T07:10:06.466332,187.78373992466345,Apple,Australia,Normal transaction
TX_000232,2025-08-15T20:10:06.466332,235.74794087302996,Subway,Australia,Normal transaction
TX_000233,2025-08-16T16:10:06.466332,49.842018444627456,Shell,Australia,Normal transaction
TX_000234,2025-08-16T20:10:06.466332,27.80171001577485,McDonald's,Australia,Normal transaction
TX_000235,2025-08-16T11:10:06.466332,184.18353744762322,Westpac,Australia,Normal transaction
TX_000236,2025-08-16T16:10:06.466332,8.232299140784221,Hungry Jack's,Australia,Normal transaction
TX_000237,2025-08-16T20:10:06.466332,198.09401581651693,Dan Murphy's,Australia,Normal transaction
TX_000238,2025-08-16T18:10:06.466332,216.3585139928688,Woolworths,Australia,Normal transaction
TX_000239,2025-08-16T08:10:06.466332,176.76776009579748,Liquorland,Australia,Normal transaction
TX_000240,2025-08-16T18:10:06.466332,90.00439869927776,Harvey Norman,Australia,Normal transaction
TX_000241,2025-08-17T15:10:06.466332,60.13425475537913,McDonald's,Australia,Normal transaction
TX_000242,2025-08-17T11:10:06.466332,147.7845757127343,Hungry Jack's,Australia,Normal transaction
TX_000243,2025-08-17T08:10:06.466332,144.54522389392375,BWS,Australia,Normal transaction
TX_000244,2025-08-17T15:10:06.466332,225.37784924936426,Spotify,Australia,Normal transaction
TX_000245,2025-08-17T10:10:06.466332,16.07108725452096,7-Eleven,Australia,Normal transaction
TX_000246,2025-08-17T14:10:06.466332,209.888638928566,Target,Australia,Normal transaction
TX_000247,2025-08-17T12:10:06.466332,129.54905583558465,Dan Murphy's,Australia,Normal transaction
TX_000248,2025-08-17T20:10:06.466332,239.5148691067326,Shell,Australia,Normal transaction
TX_000249,2025-08-18T12:10:06.466332,97.87793788414862,Caltex,Australia,Normal transaction
TX_000250,2025-08-18T13:10:06.466332,69.22773175075926,Dan Murphy's,Australia,Normal transaction
TX_000251,2025-08-18T20:10:06.466332,19.623505796514635,Caltex,Australia,Normal transaction
TX_000252,2025-08-18T15:10:06.466332,104.48870980015602,BP,Australia,Normal transaction
TX_000253,2025-08-18T09:10:06.466332,88.94919242653901,Hungry Jack's,Australia,Normal transaction
TX_000254,2025-08-18T18:10:06.466332,10.050244560859767,Caltex,Australia,Normal transaction
TX_000255,2025-08-18T18:10:06.466332,357.947290369277,BP,Australia,Normal transaction
TX_000256,2025-08-18T15:10:06.466332,219.3161805955608,Netflix,Australia,Normal transaction
TX_000257,2025-08-19T11:10:06.466332,287.4338050119519,Hungry Jack's,Australia,Normal transaction
TX_000258,2025-08-19T11:10:06.466332,217.92210471645396,Subway,Australia,Normal transaction
TX_000259,2025-08-19T19:10:06.466332,82.1328839479651,Subway,Australia,Normal transaction
TX_000260,2025-08-19T15:10:06.466332,83.0767592557182,Commonwealth Bank,Australia,Normal transaction
TX_000261,2025-08-19T07:10:06.466332,245.12747684901123,Shell,Australia,Normal transaction
TX_000262,2025-08-19T17:10:06.466332,374.2308925845698,Officeworks,Australia,Normal transaction
TX_000263,2025-08-19T12:10:06.466332,66.41078122897235,NAB,Australia,Normal transaction
TX_000264,2025-08-19T14:10:06.466332,202.0027559710524,The Good Guys,Australia,Normal transaction
TX_000265,2025-08-20T06:10:06.466332,48.925583048191825,Subway,Australia,Normal transaction
TX_000266,2025-08-20T09:10:06.466332,164.94370073931046,Hungry Jack's,Australia,Normal transaction
TX_000267,2025-08-20T07:10:06.466332,16.33531872227701,Caltex,Australia,Normal transaction
TX_000268,2025-08-20T17:10:06.466332,101.3497121797328,Subway,Australia,Normal transaction
TX_000269,2025-08-20T12:10:06.466332,195.82554124173976,NAB,Australia,Normal transaction
TX_000270,2025-08-20T11:10:06.466332,190.74853159619755,Commonwealth Bank,Australia,Normal transaction
TX_000271,2025-08-20T14:10:06.466332,136.99241796566062,Spotify,Australia,Normal transaction
TX_000272,2025-08-20T20:10:06.466332,218.9452904520679,Harvey Norman,Australia,Normal transaction
TX_000273,2025-08-21T13:10:06.466332,125.37130137383232,Spotify,Australia,Normal transaction
TX_000274,2025-08-21T13:10:06.466332,39.1201877012052,Netflix,Australia,Normal transaction
TX_000275,2025-08-21T07:10:06.466332,99.07631259949247,Officeworks,Australia,Normal transaction
TX_000276,2025-08-21T08:10:06.466332,119.77885024953471,Dan Murphy's,Australia,Normal transaction
TX_000277,2025-08-21T06:10:06.466332,126.59015330378284,Apple,Australia,Normal transaction
TX_000278,2025-08-21T18:10:06.466332,23.4460701488037,Spotify,Australia,Normal transaction
TX_000279,2025-08-21T09:10:06.466332,235.38318373306808,Spotify,Australia,Normal transaction
TX_000280,2025-08-21T11:10:06.466332,31.98140349261554,Spotify,Australia,Normal transaction
TX_000281,2025-08-22T08:10:06.466332,73.12578774320247,Coles,Australia,Normal transaction
TX_000282,2025-08-22T18:10:06.466332,6.777796308249876,BWS,Australia,Normal transaction
TX_000283,2025-08-22T10:10:06.466332,189.842630936359,Westpac,Australia,Normal transaction
TX_000284,2025-08-22T20:10:06.466332,82.34719676097106,Shell,Australia,Normal transaction
TX_000285,2025-08-22T10:10:06.466332,89.78937420026267,KFC,Australia,Normal transaction
TX_000286,2025-08-22T20:10:06.466332,127.94601816273243,Hungry Jack's,Australia,Normal transaction
TX_000287,2025-08-22T20:10:06.466332,82.44994838725722,Spotify,Australia,Normal transaction
TX_000288,2025-08-22T12:10:06.466332,172.69353776298044,Liquorland,Australia,Normal transaction
TX_000289,2025-08-23T09:10:06.466332,7.234499709065261,Harvey Norman,Australia,Normal transaction
TX_000290,2025-08-23T08:10:06.466332,165.45735040275355,McDonald's,Australia,Normal transaction
TX_000291,2025-08-23T09:10:06.466332,65.8884556984595,The Good Guys,Australia,Normal transaction
TX_000292,2025-08-23T20:10:06.466332,275.552084794985,Woolworths,Australia,Normal transaction
TX_000293,2025-08-23T19:10:06.466332,1.3272401387299908,Target,Australia,Normal transaction
TX_000294,2025-08-23T16:10:06.466332,164.72855378595642,Officeworks,Australia,Normal transaction
TX_000295,2025-08-23T08:10:06.466332,213.195965509178,Apple,Australia,Normal transaction
TX_000296,2025-08-23T19:10:06.466332,84.00141426942768,Netflix,Australia,Normal transaction
TX_000297,2025-08-24T09:10:06.466332,116.08934792067373,IGA,Australia,Normal transaction
TX_000298,2025-08-24T18:10:06.466332,112.95019671276896,KFC,Australia,Normal transaction
TX_000299,2025-08-24T19:10:06.466332,87.54816647648684,BP,Australia,Normal transaction
TX_000300,2025-08-24T10:10:06.466332,32.196027401159526,Dan Murphy's,Australia,Normal transaction
TX_000301,2025-08-24T11:10:06.466332,79.53903360156855,BP,Australia,Normal transaction
TX_000302,2025-08-24T08:10:06.466332,191.00333789574657,Harvey Norman,Australia,Normal transaction
TX_000303,2025-08-24T06:10:06.466332,122.66651811626505,The Good Guys,Australia,Normal transaction
TX_000304,2025-08-24T16:10:06.466332,19.057056597452856,Shell,Australia,Normal transaction
TX_000305,2025-08-25T12:10:06.466332,49.342464560738094,Apple,Australia,Normal transaction
TX_000306,2025-08-25T19:10:06.466332,96.12192818332818,Dan Murphy's,Australia,Normal transaction
TX_000307,2025-08-25T17:10:06.466332,82.14969959307662,Commonwealth Bank,Australia,Normal transaction
TX_000308,2025-08-25T20:10:06.466332,9.539049144322249,Netflix,Australia,Normal transaction
TX_000309,2025-08-25T10:10:06.466332,100.08079133736462,Kmart,Australia,Normal transaction
TX_000310,2025-08-25T10:10:06.466332,69.74252769246291,BWS,Australia,Normal transaction
TX_000311,2025-08-25T20:10:06.466332,37.75005043145221,BWS,Australia,Normal transaction
TX_000312,2025-08-25T15:10:06.466332,168.76320161260597,Liquorland,Australia,Normal transaction
TX_000313,2025-08-26T08:10:06.466332,20.896105103083613,BP,Australia,Normal transaction
TX_000314,2025-08-26T20:10:06.466332,142.3706504858436,McDonald's,Australia,Normal transaction
TX_000315,2025-08-26T16:10:06.466332,240.83842247491424,McDonald's,Australia,Normal transaction
TX_000316,2025-08-26T07:10:06.466332,186.31215828922308,BP,Australia,Normal transaction
TX_000317,2025-08-26T19:10:06.466332,99.58594846041136,Shell,Australia,Normal transaction
TX_000318,2025-08-26T08:10:06.466332,32.26298939082427,Shell,Australia,Normal transaction
TX_000319,2025-08-26T14:10:06.466332,215.9012957356237,Hungry Jack's,Australia,Normal transaction
TX_000320,2025-08-26T07:10:06.466332,51.320491710809165,7-Eleven,Australia,Normal transaction
TX_000321,2025-08-27T17:10:06.466332,125.50424865934696,Dan Murphy's,Australia,Normal transaction
TX_000322,2025-08-27T17:10:06.466332,177.02251083098906,NAB,Australia,Normal transaction
TX_000323,2025-08-27T18:10:06.466332,199.52999846094585,Hungry Jack's,Australia,Normal transaction
TX_000324,2025-08-27T18:10:06.466332,172.8033042734309,Liquorland,Australia,Normal transaction
TX_000325,2025-08-27T08:10:06.466332,47.28741444834293,Harvey Norman,Australia,Normal transaction
TX_000326,2025-08-27T17:10:06.466332,19.587691305061327,IGA,Australia,Normal transaction
TX_000327,2025-08-27T08:10:06.466332,129.93467120607215,Netflix,Australia,Normal transaction
TX_000328,2025-08-27T19:10:06.466332,245.09992328831433,BP,Australia,Normal transaction
TX_000329,2025-08-28T16:10:06.466332,287.9409479100264,Shell,Australia,Normal transaction
TX_000330,2025-08-28T17:10:06.466332,41.69928876004383,Apple,Australia,Normal transaction
TX_000331,2025-08-28T14:10:06.466332,52.23435432435637,NAB,Australia,Normal transaction
TX_000332,2025-08-28T13:10:06.466332,28.46035434923465,Dan Murphy's,Australia,Normal transaction
TX_000333,2025-08-28T19:10:06.466332,168.83772002958028,IGA,Australia,Normal transaction
TX_000334,2025-08-28T12:10:06.466332,147.61239968453887,Apple,Australia,Normal transaction
TX_000335,2025-08-28T11:10:06.466332,245.46060990337295,NAB,Australia,Normal transaction
TX_000336,2025-08-28T19:10:06.466332,59.577704507674085,Liquorland,Australia,Normal transaction
TX_000337,2025-08-29T11:10:06.466332,27.14375128947413,Woolworths,Australia,Normal transaction
TX_000338,2025-08-29T17:10:06.466332,31.798342188913985,NAB,Australia,Normal transaction
TX_000339,2025-08-29T13:10:06.466332,77.9774986493104,Target,Australia,Normal transaction
TX_000340,2025-08-29T18:10:06.466332,103.35794187920806,Shell,Australia,Normal transaction
TX_000341,2025-08-29T10:10:06.466332,130.57782136550887,Netflix,Australia,Normal transaction
TX_000342,2025-08-29T15:10:06.466332,95.98183639529711,McDonald's,Australia,Normal transaction
TX_000343,2025-08-29T07:10:06.466332,152.5952668378372,Harvey Norman,Australia,Normal transaction
TX_000344,2025-08-29T11:10:06.466332,205.98590534037046,Caltex,Australia,Normal transaction
TX_000345,2025-08-30T08:10:06.466332,292.9090173113192,Bunnings,Australia,Normal transaction
TX_000346,2025-08-30T16:10:06.466332,149.83374955244096,Officeworks,Australia,Normal transaction
TX_000347,2025-08-30T08:10:06.466332,191.51076621632376,Apple,Australia,Normal transaction
TX_000348,2025-08-30T10:10:06.466332,55.373433612056225,Target,Australia,Normal transaction
TX_000349,2025-08-30T16:10:06.466332,93.83693648573352,The Good Guys,Australia,Normal transaction
TX_000350,2025-08-30T13:10:06.466332,22.00567092020782,Aldi,Australia,Normal transaction
TX_000351,2025-08-30T13:10:06.466332,21.269620719562752,Netflix,Australia,Normal transaction
TX_000352,2025-08-30T17:10:06.466332,53.66748918469912,Dan Murphy's,Australia,Normal transaction
TX_000353,2025-08-31T12:10:06.466332,39.211822011453755,Coles,Australia,Normal transaction
TX_000354,2025-08-31T06:10:06.466332,19.720264837421126,Subway,Australia,Normal transaction
TX_000355,2025-08-31T15:10:06.466332,89.32789404479924,JB Hi-Fi,Australia,Normal transaction
TX_000356,2025-08-31T13:10:06.466332,11.329875977190142,The Good Guys,Australia,Normal transaction
TX_000357,2025-08-31T14:10:06.466332,52.25104296000073,Liquorland,Australia,Normal transaction
TX_000358,2025-08-31T13:10:06.466332,220.01706548442428,Dan Murphy's,Australia,Normal transaction
TX_000359,2025-08-31T18:10:06.466332,336.4082665642935,KFC,Australia,Normal transaction
TX_000360,2025-08-31T09:10:06.466332,84.54924338905509,BP,Australia,Normal transaction
TX_000361,2025-09-01T07:10:06.466332,42.60198002460995,Subway,Australia,Normal transaction
TX_000362,2025-09-01T12:10:06.466332,190.31742314224454,BWS,Australia,Normal transaction
TX_000363,2025-09-01T15:10:06.466332,42.20521083318468,IGA,Australia,Normal transaction
TX_000364,2025-09-01T09:10:06.466332,122.40912738620153,Coles,Australia,Normal transaction
TX_000365,2025-09-01T17:10:06.466332,41.20562820174726,Harvey Norman,Australia,Normal transaction
TX_000366,2025-09-01T16:10:06.466332,38.840313347059805,IGA,Australia,Normal transaction
TX_000367,2025-09-01T18:10:06.466332,233.0793237345049,Westpac,Australia,Normal transaction
TX_000368,2025-09-01T08:10:06.466332,236.78847617301147,Harvey Norman,Australia,Normal transaction
TX_000369,2025-09-02T06:10:06.466332,60.88621596853247,Shell,Australia,Normal transaction
TX_000370,2025-09-02T10:10:06.466332,189.26128337784837,Bunnings,Australia,Normal transaction
TX_000371,2025-09-02T14:10:06.466332,90.58867566610502,Harvey Norman,Australia,Normal transaction
TX_000372,2025-09-02T16:10:06.466332,163.81416714116915,Bunnings,Australia,Normal transaction
TX_000373,2025-09-02T12:10:06.466332,250.11098264592167,Westpac,Australia,Normal transaction
TX_000374,2025-09-02T09:10:06.466332,27.43311508521345,KFC,Australia,Normal transaction
TX_000375,2025-09-02T09:10:06.466332,0.8945063308055694,Target,Australia,Normal transaction
TX_000376,2025-09-02T07:10:06.466332,87.6347890528833,Woolworths,Australia,Normal transaction
TX_000377,2025-09-03T17:10:06.466332,83.63145299867335,Hungry Jack's,Australia,Normal transaction
TX_000378,2025-09-03T16:10:06.466332,150.03064039085496,Officeworks,Australia,Normal transaction
TX_000379,2025-09-03T09:10:06.466332,176.9714694157884,Subway,Australia,Normal transaction
TX_000380,2025-09-03T19:10:06.466332,18.38455812068905,Spotify,Australia,Normal transaction
TX_000381,2025-09-03T19:10:06.466332,81.32200643766765,Shell,Australia,Normal transaction
TX_000382,2025-09-03T15:10:06.466332,22.718931578951867,Caltex,Australia,Normal transaction
TX_000383,2025-09-03T11:10:06.466332,11.270340840147597,Westpac,Australia,Normal transaction
TX_000384,2025-09-03T14:10:06.466332,178.20370883452028,Commonwealth Bank,Australia,Normal transaction
TX_000385,2025-09-04T16:10:06.466332,38.08065754083992,Westpac,Australia,Normal transaction
TX_000386,2025-09-04T12:10:06.466332,153.75433440878186,Hungry Jack's,Australia,Normal transaction
TX_000387,2025-09-04T18:10:06.466332,92.56399902734151,Subway,Australia,Normal transaction
TX_000388,2025-09-04T15:10:06.466332,1.4808985283701048,Subway,Australia,Normal transaction
TX_000389,2025-09-04T14:10:06.466332,45.77012622064297,Target,Australia,Normal transaction
TX_000390,2025-09-04T20:10:06.466332,156.44938830085505,Netflix,Australia,Normal transaction
TX_000391,2025-09-04T18:10:06.466332,128.21519138782168,Hungry Jack's,Australia,Normal transaction
TX_000392,2025-09-04T11:10:06.466332,121.93940610644708,Woolworths,Australia,Normal transaction
TX_000393,2025-09-05T09:10:06.466332,91.12008497677411,McDonald's,Australia,Normal transaction
TX_000394,2025-09-05T14:10:06.466332,56.02904952469441,Netflix,Australia,Normal transaction
TX_000395,2025-09-05T10:10:06.466332,110.40545233738302,Kmart,Australia,Normal transaction
TX_000396,2025-09-05T16:10:06.466332,185.8141548876556,Target,Australia,Normal transaction
TX_000397,2025-09-05T08:10:06.466332,197.37188931979645,Subway,Australia,Normal transaction
TX_000398,2025-09-05T08:10:06.466332,39.46807567804307,Spotify,Australia,Normal transaction
TX_000399,2025-09-05T13:10:06.466332,260.7044404855671,Harvey Norman,Australia,Normal transaction
TX_000400,2025-09-05T15:10:06.466332,104.90269935842146,Subway,Australia,Normal transaction
TX_000401,2025-09-06T18:10:06.466332,59.38295946503775,Apple,Australia,Normal transaction
TX_000402,2025-09-06T07:10:06.466332,133.4815899250752,Hungry Jack's,Australia,Normal transaction
TX_000403,2025-09-06T06:10:06.466332,174.4698870004132,Aldi,Australia,Normal transaction
TX_000404,2025-09-06T13:10:06.466332,143.0124924093316,Shell,Australia,Normal transaction
TX_000405,2025-09-06T16:10:06.466332,37.91846168046345,Liquorland,Australia,Normal transaction
TX_000406,2025-09-06T07:10:06.466332,120.08224785182298,Dan Murphy's,Australia,Normal transaction
TX_000407,2025-09-06T15:10:06.466332,97.42851523463489,Dan Murphy's,Australia,Normal transaction
TX_000408,2025-09-06T11:10:06.466332,140.1681686740157,McDonald's,Australia,Normal transaction
TX_000409,2025-09-07T19:10:06.466332,193.80704166440498,The Good Guys,Australia,Normal transaction
TX_000410,2025-09-07T19:10:06.466332,83.30087653120013,Commonwealth Bank,Australia,Normal transaction
TX_000411,2025-09-07T15:10:06.466332,141.2639252727127,The Good Guys,Australia,Normal transaction
TX_000412,2025-09-07T19:10:06.466332,264.6531897051638,IGA,Australia,Normal transaction
TX_000413,2025-09-07T15:10:06.466332,214.03758076776813,IGA,Australia,Normal transaction
TX_000414,2025-09-07T13:10:06.466332,219.00644414652987,Woolworths,Australia,Normal transaction
TX_000415,2025-09-07T12:10:06.466332,106.44642834648016,Hungry Jack's,Australia,Normal transaction
TX_000416,2025-09-07T08:10:06.466332,183.2326593107445,Coles,Australia,Normal transaction
TX_000417,2025-09-08T20:10:06.466332,86.80428944939064,IGA,Australia,Normal transaction
TX_000418,2025-09-08T13:10:06.466332,151.75725024715211,IGA,Australia,Normal transaction
TX_000419,2025-09-08T06:10:06.466332,106.90862156401766,Liquorland,Australia,Normal transaction
TX_000420,2025-09-08T17:10:06.466332,140.51898665822844,Coles,Australia,Normal transaction
TX_000421,2025-09-08T09:10:06.466332,178.59123348291445,IGA,Australia,Normal transaction
TX_000422,2025-09-08T16:10:06.466332,217.1986274185127,Commonwealth Bank,Australia,Normal transaction
TX_000423,2025-09-08T09:10:06.466332,113.86018679478003,Target,Australia,Normal transaction
TX_000424,2025-09-08T09:10:06.466332,1.3668257780823012,BP,Australia,Normal transaction
TX_000425,2025-09-09T08:10:06.466332,54.31343212501215,Liquorland,Australia,Normal transaction
TX_000426,2025-09-09T11:10:06.466332,260.9805284133224,JB Hi-Fi,Australia,Normal transaction
TX_000427,2025-09-09T09:10:06.466332,238.13413828723827,KFC,Australia,Normal transaction
TX_000428,2025-09-09T20:10:06.466332,22.05799828360547,Westpac,Australia,Normal transaction
TX_000429,2025-09-09T16:10:06.466332,264.1540462411849,KFC,Australia,Normal transaction
TX_000430,2025-09-09T20:10:06.466332,60.78906991773328,Hungry Jack's,Australia,Normal transaction
TX_000431,2025-09-09T10:10:06.466332,72.96696312733073,Spotify,Australia,Normal transaction
TX_000432,2025-09-09T08:10:06.466332,26.331709266525678,Coles,Australia,Normal transaction
TX_000433,2025-09-10T09:10:06.466332,102.4143800943827,Westpac,Australia,Normal transaction
TX_000434,2025-09-10T08:10:06.466332,37.46884705822202,Coles,Australia,Normal transaction
TX_000435,2025-09-10T07:10:06.466332,0.6732693754191672,Woolworths,Australia,Normal transaction
TX_000436,2025-09-10T08:10:06.466332,47.2020616312517,Kmart,Australia,Normal transaction
TX_000437,2025-09-10T11:10:06.466332,47.56679643065924,Liquorland,Australia,Normal transaction
TX_000438,2025-09-10T09:10:06.466332,181.32486633391534,Dan Murphy's,Australia,Normal transaction
TX_000439,2025-09-10T20:10:06.466332,274.9581582905786,Woolworths,Australia,Normal transaction
TX_000440,2025-09-10T19:10:06.466332,109.21213107271325,Target,Australia,Normal transaction
TX_000441,2025-09-11T16:10:06.466332,128.13082485572048,JB Hi-Fi,Australia,Normal transaction
TX_000442,2025-09-11T18:10:06.466332,112.90321593448672,Target,Australia,Normal transaction
TX_000443,2025-09-11T10:10:06.466332,210.2654149475042,Kmart,Australia,Normal transaction
TX_000444,2025-09-11T09:10:06.466332,175.43467075169707,Woolworths,Australia,Normal transaction
TX_000445,2025-09-11T12:10:06.466332,340.49431668830493,Bunnings,Australia,Normal transaction
TX_000446,2025-09-11T09:10:06.466332,63.648126779440204,The Good Guys,Australia,Normal transaction
TX_000447,2025-09-11T15:10:06.466332,37.06654154324384,NAB,Australia,Normal transaction
TX_000448,2025-09-11T07:10:06.466332,342.45366269297807,Dan Murphy's,Australia,Normal transaction
TX_000449,2025-09-12T13:10:06.466332,164.37191780333353,Officeworks,Australia,Normal transaction
TX_000450,2025-09-12T18:10:06.466332,176.45850779108798,Coles,Australia,Normal transaction
TX_000451,2025-09-12T07:10:06.466332,76.97112495680662,Coles,Australia,Normal transaction
TX_000452,2025-09-12T19:10:06.466332,332.99024623520074,Spotify,Australia,Normal transaction
TX_000453,2025-09-12T15:10:06.466332,48.53685401669574,Officeworks,Australia,Normal transaction
TX_000454,2025-09-12T07:10:06.466332,165.1370178270413,Liquorland,Australia,Normal transaction
TX_000455,2025-09-12T17:10:06.466332,89.0948334442935,Officeworks,Australia,Normal transaction
TX_000456,2025-09-12T13:10:06.466332,55.649695705162365,Westpac,Australia,Normal transaction
TX_000457,2025-09-13T13:10:06.466332,190.5063036566866,Liquorland,Australia,Normal transaction
TX_000458,2025-09-13T09:10:06.466332,53.92790319229072,Officeworks,Australia,Normal transaction
TX_000459,2025-09-13T12:10:06.466332,59.67643742600495,Coles,Australia,Normal transaction
TX_000460,2025-09-13T13:10:06.466332,26.28601310812803,7-Eleven,Australia,Normal transaction
TX_000461,2025-09-13T15:10:06.466332,8.587937845322926,BP,Australia,Normal transaction
TX_000462,2025-09-13T06:10:06.466332,111.10876846194311,Westpac,Australia,Normal transaction
TX_000463,2025-09-13T14:10:06.466332,316.1844053914209,7-Eleven,Australia,Normal transaction
TX_000464,2025-09-13T12:10:06.466332,73.14666908171927,The Good Guys,Australia,Normal transaction
TX_000465,2025-09-14T10:10:06.466332,53.237741359665165,Shell,Australia,Normal transaction
TX_000466,2025-09-14T08:10:06.466332,91.8615241355371,Spotify,Australia,Normal transaction
TX_000467,2025-09-14T08:10:06.466332,62.72774135120757,Woolworths,Australia,Normal transaction
TX_000468,2025-09-14T11:10:06.466332,5.525992087538384,Officeworks,Australia,Normal transaction
TX_000469,2025-09-14T15:10:06.466332,176.71785865208622,BWS,Australia,Normal transaction
TX_000470,2025-09-14T17:10:06.466332,66.78905324807846,Netflix,Australia,Normal transaction
TX_000471,2025-09-14T16:10:06.466332,41.83859518493845,McDonald's,Australia,Normal transaction
TX_000472,2025-09-14T14:10:06.466332,113.24619652216278,KFC,Australia,Normal transaction
TX_000473,2025-09-15T11:10:06.466332,71.40869300017818,Hungry Jack's,Australia,Normal transaction
TX_000474,2025-09-15T14:10:06.466332,308.3158841190335,Aldi,Australia,Normal transaction
TX_000475,2025-09-15T06:10:06.466332,125.5686569328065,Kmart,Australia,Normal transaction
TX_000476,2025-09-15T11:10:06.466332,368.4384022165801,McDonald's,Australia,Normal transaction
TX_000477,2025-09-15T14:10:06.466332,163.604470166072,BWS,Australia,Normal transaction
TX_000478,2025-09-15T10:10:06.466332,12.081316875952595,JB Hi-Fi,Australia,Normal transaction
TX_000479,2025-09-15T18:10:06.466332,132.57736277169252,Woolworths,Australia,Normal transaction
TX_000480,2025-09-15T20:10:06.466332,111.72625618915137,Subway,Australia,Normal transaction
TX_000481,2025-09-16T10:10:06.466332,222.04607430804043,Officeworks,Australia,Normal transaction
TX_000482,2025-09-16T16:10:06.466332,234.35971850031336,McDonald's,Australia,Normal transaction
TX_000483,2025-09-16T20:10:06.466332,211.68582546164993,Commonwealth Bank,Australia,Normal transaction
TX_000484,2025-09-16T06:10:06.466332,250.75177832690702,Bunnings,Australia,Normal transaction
TX_000485,2025-09-16T16:10:06.466332,25.8519909706188,Kmart,Australia,Normal transaction
TX_000486,2025-09-16T18:10:06.466332,171.40624801711806,IGA,Australia,Normal transaction
TX_000487,2025-09-16T12:10:06.466332,337.99850200553334,Coles,Australia,Normal transaction
TX_000488,2025-09-16T13:10:06.466332,1.6227468022469935,Coles,Australia,Normal transaction
TX_000489,2025-09-17T09:10:06.466332,87.00838364069418,IGA,Australia,Normal transaction
TX_000490,2025-09-17T20:10:06.466332,2.5713248789500653,IGA,Australia,Normal transaction
TX_000491,2025-09-17T17:10:06.466332,297.20825584329657,Shell,Australia,Normal transaction
TX_000492,2025-09-17T12:10:06.466332,54.21768966900664,BWS,Australia,Normal transaction
TX_000493,2025-09-17T14:10:06.466332,198.3063121279166,Liquorland,Australia,Normal transaction
TX_000494,2025-09-17T17:10:06.466332,95.98137333165332,IGA,Australia,Normal transaction
TX_000495,2025-09-17T10:10:06.466332,215.64690514025355,Kmart,Australia,Normal transaction
TX_000496,2025-09-17T11:10:06.466332,21.759289106117805,Hungry Jack's,Australia,Normal transaction
TX_000497,2025-09-18T09:10:06.466332,78.04401632251698,Target,Australia,Normal transaction
TX_000498,2025-09-18T12:10:06.466332,3.784190056644235,NAB,Australia,Normal transaction
TX_000499,2025-09-18T09:10:06.466332,158.32631273423144,Woolworths,Australia,Normal transaction
TX_000500,2025-09-18T12:10:06.466332,14.27837768844465,Coles,Australia,Normal transaction
TX_000501,2025-09-18T15:10:06.466332,159.08154211521511,Kmart,Australia,Normal transaction
TX_000502,2025-09-18T17:10:06.466332,106.54853936762527,Woolworths,Australia,Normal transaction
TX_000503,2025-09-18T17:10:06.466332,243.17190896491093,Spotify,Australia,Normal transaction
TX_000504,2025-09-18T11:10:06.466332,182.5929196637408,Aldi,Australia,Normal transaction
TX_000505,2025-09-19T06:10:06.466332,195.58076088998567,Hungry Jack's,Australia,Normal transaction
TX_000506,2025-09-19T10:10:06.466332,312.012174201179,Harvey Norman,Australia,Normal transaction
TX_000507,2025-09-19T16:10:06.466332,243.7170553369387,BP,Australia,Normal transaction
TX_000508,2025-09-19T08:10:06.466332,261.7290757391579,IGA,Australia,Normal transaction
TX_000509,2025-09-19T13:10:06.466332,220.74534446704126,7-Eleven,Australia,Normal transaction
TX_000510,2025-09-19T20:10:06.466332,250.74973372080672,Caltex,Australia,Normal transaction
TX_000511,2025-09-19T17:10:06.466332,35.94625199542921,McDonald's,Australia,Normal transaction
TX_000512,2025-09-19T14:10:06.466332,44.61647320393226,Subway,Australia,Normal transaction
TX_000513,2025-09-20T11:10:06.466332,47.73544355381526,7-Eleven,Australia,Normal transaction
TX_000514,2025-09-20T14:10:06.466332,97.02864933918455,Shell,Australia,Normal transaction
TX_000515,2025-09-20T14:10:06.466332,128.31608142081703,Coles,Australia,Normal transaction
TX_000516,2025-09-20T17:10:06.466332,42.054527737666724,Caltex,Australia,Normal transaction
TX_000517,2025-09-20T17:10:06.466332,62.272825481602816,Westpac,Australia,Normal transaction
TX_000518,2025-09-20T07:10:06.466332,17.021973205002155,Target,Australia,Normal transaction
TX_000519,2025-09-20T08:10:06.466332,97.9042847890035,IGA,Australia,Normal transaction
TX_000520,2025-09-20T13:10:06.466332,115.7602105695016,NAB,Australia,Normal transaction
TX_000521,2025-09-21T19:10:06.466332,142.5092005782218,Aldi,Australia,Normal transaction
TX_000522,2025-09-21T20:10:06.466332,165.96594545757026,Shell,Australia,Normal transaction
TX_000523,2025-09-21T18:10:06.466332,165.40012997322214,Woolworths,Australia,Normal transaction
TX_000524,2025-09-21T15:10:06.466332,267.18074074399914,Harvey Norman,Australia,Normal transaction
TX_000525,2025-09-21T12:10:06.466332,133.60110018657528,Dan Murphy's,Australia,Normal transaction
TX_000526,2025-09-21T07:10:06.466332,40.381530193514564,Apple,Australia,Normal transaction
TX_000527,2025-09-21T18:10:06.466332,109.83056729653578,Kmart,Australia,Normal transaction
TX_000528,2025-09-21T15:10:06.466332,241.72738868571972,Caltex,Australia,Normal transaction
TX_000529,2025-09-22T15:10:06.466332,76.87589100409905,Subway,Australia,Normal transaction
TX_000530,2025-09-22T17:10:06.466332,48.578104882327125,BP,Australia,Normal transaction
TX_000531,2025-09-22T17:10:06.466332,51.8625279281232,Aldi,Australia,Normal transaction
TX_000532,2025-09-22T17:10:06.466332,11.777033075482194,BWS,Australia,Normal transaction
TX_000533,2025-09-22T10:10:06.466332,120.36600280649016,Westpac,Australia,Normal transaction
TX_000534,2025-09-22T20:10:06.466332,29.716953210622115,Officeworks,Australia,Normal transaction
TX_000535,2025-09-22T16:10:06.466332,264.78240239976583,Officeworks,Australia,Normal transaction
TX_000536,2025-09-22T07:10:06.466332,73.42390884107044,Bunnings,Australia,Normal transaction
TX_000537,2025-09-23T13:10:06.466332,127.40889603318027,Target,Australia,Normal transaction
TX_000538,2025-09-23T07:10:06.466332,43.651113259828236,Bunnings,Australia,Normal transaction
TX_000539,2025-09-23T06:10:06.466332,44.11167316893699,JB Hi-Fi,Australia,Normal transaction
TX_000540,2025-09-23T12:10:06.466332,80.3249266702741,Subway,Australia,Normal transaction
TX_000541,2025-09-23T14:10:06.466332,235.12496348371423,BP,Australia,Normal transaction
TX_000542,2025-09-23T18:10:06.466332,252.15906152199253,BWS,Australia,Normal transaction
TX_000543,2025-09-23T10:10:06.466332,131.3354236901278,Subway,Australia,Normal transaction
TX_000544,2025-09-23T10:10:06.466332,150.99701055144038,Hungry Jack's,Australia,Normal transaction
TX_000545,2025-09-24T17:10:06.466332,22.120991201421333,Kmart,Australia,Normal transaction
TX_000546,2025-09-24T18:10:06.466332,20.435926135234055,Liquorland,Australia,Normal transaction
TX_000547,2025-09-24T13:10:06.466332,3.4959873259356016,Spotify,Australia,Normal transaction
TX_000548,2025-09-24T20:10:06.466332,42.2387857893476,Target,Australia,Normal transaction
TX_000549,2025-09-24T14:10:06.466332,210.37466986203953,Westpac,Australia,Normal transaction
TX_000550,2025-09-24T06:10:06.466332,24.11172727678194,Kmart,Australia,Normal transaction
TX_000551,2025-09-24T09:10:06.466332,61.42081974292138,Netflix,Australia,Normal transaction
TX_000552,2025-09-24T06:10:06.466332,3.0482152116939147,Commonwealth Bank,Australia,Normal transaction
TX_000553,2025-09-25T11:10:06.466332,350.9470140213413,Harvey Norman,Australia,Normal transaction
TX_000554,2025-09-25T12:10:06.466332,60.24970925709374,Westpac,Australia,Normal transaction
TX_000555,2025-09-25T13:10:06.466332,194.21176443461434,Liquorland,Australia,Normal transaction
TX_000556,2025-09-25T07:10:06.466332,108.68140266275398,Harvey Norman,Australia,Normal transaction
TX_000557,2025-09-25T11:10:06.466332,6.911057399151801,Harvey Norman,Australia,Normal transaction
TX_000558,2025-09-25T09:10:06.466332,91.16803011020525,KFC,Australia,Normal transaction
TX_000559,2025-09-25T10:10:06.466332,167.74342198492675,Liquorland,Australia,Normal transaction
TX_000560,2025-09-25T18:10:06.466332,88.31336384364579,KFC,Australia,Normal transaction
TX_000561,2025-09-26T14:10:06.466332,39.59618702489384,Aldi,Australia,Normal transaction
TX_000562,2025-09-26T09:10:06.466332,73.26118157074376,Caltex,Australia,Normal transaction
TX_000563,2025-09-26T14:10:06.466332,124.96250557173286,Aldi,Australia,Normal transaction
TX_000564,2025-09-26T19:10:06.466332,259.63176473092824,IGA,Australia,Normal transaction
TX_000565,2025-09-26T06:10:06.466332,156.2507146019126,KFC,Australia,Normal transaction
TX_000566,2025-09-26T07:10:06.466332,9.673533723576952,Caltex,Australia,Normal transaction
TX_000567,2025-09-26T17:10:06.466332,256.3922699417662,IGA,Australia,Normal transaction
TX_000568,2025-09-26T16:10:06.466332,9.475478373693633,Shell,Australia,Normal transaction
TX_000569,2025-09-27T10:10:06.466332,19.88604770841485,Netflix,Australia,Normal transaction
TX_000570,2025-09-27T10:10:06.466332,86.581633161884,Kmart,Australia,Normal transaction
TX_000571,2025-09-27T09:10:06.466332,163.95475771655853,Netflix,Australia,Normal transaction
TX_000572,2025-09-27T12:10:06.466332,96.98044575920107,BWS,Australia,Normal transaction
TX_000573,2025-09-27T14:10:06.466332,239.12675479145807,Caltex,Australia,Normal transaction
TX_000574,2025-09-27T06:10:06.466332,237.19004195568192,Commonwealth Bank,Australia,Normal transaction
TX_000575,2025-09-27T19:10:06.466332,273.42460721628197,Kmart,Australia,Normal transaction
TX_000576,2025-09-27T08:10:06.466332,79.19356369931629,Target,Australia,Normal transaction
TX_000577,2025-09-28T07:10:06.466332,102.04052815728159,Liquorland,Australia,Normal transaction
TX_000578,2025-09-28T12:10:06.466332,181.55788115964964,Hungry Jack's,Australia,Normal transaction
TX_000579,2025-09-28T16:10:06.466332,28.00723077992255,Coles,Australia,Normal transaction
TX_000580,2025-09-28T13:10:06.466332,23.130136308494528,Netflix,Australia,Normal transaction
TX_000581,2025-09-28T12:10:06.466332,149.97249233028487,McDonald's,Australia,Normal transaction
TX_000582,2025-09-28T06:10:06.466332,11.474587992205741,Target,Australia,Normal transaction
TX_000583,2025-09-28T18:10:06.466332,139.49604514018614,Aldi,Australia,Normal transaction
TX_000584,2025-09-28T20:10:06.466332,48.090706750947874,BWS,Australia,Normal transaction
TX_000585,2025-09-29T20:10:06.466332,1.9440416361420603,Commonwealth Bank,Australia,Normal transaction
TX_000586,2025-09-29T07:10:06.466332,177.17234404271193,Target,Australia,Normal transaction
TX_000587,2025-09-29T12:10:06.466332,157.14303910845894,Spotify,Australia,Normal transaction
TX_000588,2025-09-29T11:10:06.466332,17.35069177133971,7-Eleven,Australia,Normal transaction
TX_000589,2025-09-29T08:10:06.466332,225.01914803086126,Westpac,Australia,Normal transaction
TX_000590,2025-09-29T10:10:06.466332,79.6937988060976,BP,Australia,Normal transaction
TX_000591,2025-09-29T06:10:06.466332,169.01375085387795,Liquorland,Australia,Normal transaction
TX_000592,2025-09-29T19:10:06.466332,54.01117026167336,Westpac,Australia,Normal transaction
TX_000593,2025-09-30T20:10:06.466332,91.42238114739375,NAB,Australia,Normal transaction
TX_000594,2025-09-30T08:10:06.466332,192.26779944991853,Commonwealth Bank,Australia,Normal transaction
TX_000595,2025-09-30T14:10:06.466332,3.2520841906595734,Target,Australia,Normal transaction
TX_000596,2025-09-30T13:10:06.466332,122.97957183568067,Woolworths,Australia,Normal transaction
TX_000597,2025-09-30T19:10:06.466332,48.912675068709916,Shell,Australia,Normal transaction
TX_000598,2025-09-30T19:10:06.466332,155.94865641494084,Liquorland,Australia,Normal transaction
TX_000599,2025-09-30T15:10:06.466332,100.24923978902677,Netflix,Australia,Normal transaction
TX_000600,2025-09-30T10:10:06.466332,22.09756994366262,Spotify,Australia,Normal transaction
TX_000601,2025-10-01T14:10:06.466332,270.29571256827626,McDonald's,Australia,Normal transaction
TX_000602,2025-10-01T16:10:06.466332,24.120137123829856,Caltex,Australia,Normal transaction
TX_000603,2025-10-01T07:10:06.466332,102.69003858619895,IGA,Australia,Normal transaction
TX_000604,2025-10-01T15:10:06.466332,23.72623862336677,Spotify,Australia,Normal transaction
TX_000605,2025-10-01T12:10:06.466332,18.05273798511665,Target,Australia,Normal transaction
TX_000606,2025-10-01T14:10:06.466332,67.4594047868413,Kmart,Australia,Normal transaction
TX_000607,2025-10-01T20:10:06.466332,111.30892357643937,Subway,Australia,Normal transaction
TX_000608,2025-10-01T10:10:06.466332,65.27345778164431,IGA,Australia,Normal transaction
TX_000609,2025-10-02T08:10:06.466332,16.556871678527685,BP,Australia,Normal transaction
TX_000610,2025-10-02T08:10:06.466332,99.87240385526732,Subway,Australia,Normal transaction
TX_000611,2025-10-02T13:10:06.466332,35.154879299136425,Aldi,Australia,Normal transaction
TX_000612,2025-10-02T14:10:06.466332,35.92364564147872,Aldi,Australia,Normal transaction
TX_000613,2025-10-02T13:10:06.466332,106.80968464596728,7-Eleven,Australia,Normal transaction
TX_000614,2025-10-02T06:10:06.466332,23.335011529159353,Target,Australia,Normal transaction
TX_000615,2025-10-02T17:10:06.466332,22.786965628872537,Liquorland,Australia,Normal transaction
TX_000616,2025-10-02T11:10:06.466332,8.581366941043143,Caltex,Australia,Normal transaction
TX_000617,2025-10-03T07:10:06.466332,259.866522834885,Subway,Australia,Normal transaction
TX_000618,2025-10-03T11:10:06.466332,202.39582881610033,Caltex,Australia,Normal transaction
TX_000619,2025-10-03T17:10:06.466332,97.06649991203318,KFC,Australia,Normal transaction
TX_000620,2025-10-03T17:10:06.466332,29.174688784101107,Hungry Jack's,Australia,Normal transaction
TX_000621,2025-10-03T13:10:06.466332,243.51784571877167,Target,Australia,Normal transaction
TX_000622,2025-10-03T07:10:06.466332,89.09772231577045,BP,Australia,Normal transaction
TX_000623,2025-10-03T10:10:06.466332,23.431151102405693,Westpac,Australia,Normal transaction
TX_000624,2025-10-03T11:10:06.466332,31.514304840752203,Officeworks,Australia,Normal transaction
TX_000625,2025-10-04T09:10:06.466332,37.52645880938864,Subway,Australia,Normal transaction
TX_000626,2025-10-04T17:10:06.466332,190.3239781127896,The Good Guys,Australia,Normal transaction
TX_000627,2025-10-04T19:10:06.466332,0.42935668038072095,Commonwealth Bank,Australia,Normal transaction
TX_000628,2025-10-04T14:10:06.466332,74.74446015327172,Hungry Jack's,Australia,Normal transaction
TX_000629,2025-10-04T16:10:06.466332,238.76476849182978,The Good Guys,Australia,Normal transaction
TX_000630,2025-10-04T06:10:06.466332,198.22938940747852,Spotify,Australia,Normal transaction
TX_000631,2025-10-04T12:10:06.466332,419.588011002389,Spotify,Australia,Normal transaction
TX_000632,2025-10-04T20:10:06.466332,3.3209120910240557,Officeworks,Australia,Normal transaction
TX_000633,2025-10-05T08:10:06.466332,42.10077397533185,Coles,Australia,Normal transaction
TX_000634,2025-10-05T19:10:06.466332,32.69340322147699,Shell,Australia,Normal transaction
TX_000635,2025-10-05T09:10:06.466332,83.01681957035515,JB Hi-Fi,Australia,Normal transaction
TX_000636,2025-10-05T08:10:06.466332,134.14177420218806,Hungry Jack's,Australia,Normal transaction
TX_000637,2025-10-05T12:10:06.466332,326.73962351215937,Woolworths,Australia,Normal transaction
TX_000638,2025-10-05T10:10:06.466332,125.85846391983904,Spotify,Australia,Normal transaction
TX_000639,2025-10-05T13:10:06.466332,15.768005844986988,Liquorland,Australia,Normal transaction
TX_000640,2025-10-05T15:10:06.466332,50.92238532625245,Apple,Australia,Normal transaction
TX_000641,2025-10-06T15:10:06.466332,155.57323812835725,Spotify,Australia,Normal transaction
TX_000642,2025-10-06T18:10:06.466332,34.441850298976284,Netflix,Australia,Normal transaction
TX_000643,2025-10-06T18:10:06.466332,365.79519957700245,Coles,Australia,Normal transaction
TX_000644,2025-10-06T16:10:06.466332,22.02184475922256,Dan Murphy's,Australia,Normal transaction
TX_000645,2025-10-06T06:10:06.466332,185.64410931079033,Officeworks,Australia,Normal transaction
TX_000646,2025-10-06T12:10:06.466332,141.26718842807367,Shell,Australia,Normal transaction
TX_000647,2025-10-06T18:10:06.466332,344.0441538610772,McDonald's,Australia,Normal transaction
TX_000648,2025-10-06T13:10:06.466332,26.390588857477198,7-Eleven,Australia,Normal transaction
TX_000649,2025-10-07T06:10:06.466332,161.51383675810047,The Good Guys,Australia,Normal transaction
TX_000650,2025-10-07T17:10:06.466332,101.91480687859121,IGA,Australia,Normal transaction
TX_000651,2025-10-07T12:10:06.466332,196.2462036636448,NAB,Australia,Normal transaction
TX_000652,2025-10-07T14:10:06.466332,20.395220182355175,Subway,Australia,Normal transaction
TX_000653,2025-10-07T16:10:06.466332,200.33063296776874,Officeworks,Australia,Normal transaction
TX_000654,2025-10-07T18:10:06.466332,69.46828792791399,Apple,Australia,Normal transaction
TX_000655,2025-10-07T16:10:06.466332,230.88643613978155,Commonwealth Bank,Australia,Normal transaction
TX_000656,2025-10-07T17:10:06.466332,159.37710962205836,JB Hi-Fi,Australia,Normal transaction
TX_000657,2025-10-08T09:10:06.466332,123.12804231951324,The Good Guys,Australia,Normal transaction
TX_000658,2025-10-08T20:10:06.466332,116.16660217916548,Officeworks,Australia,Normal transaction
TX_000659,2025-10-08T06:10:06.466332,307.2777670224818,Hungry Jack's,Australia,Normal transaction
TX_000660,2025-10-08T19:10:06.466332,193.0374709257835,Bunnings,Australia,Normal transaction
TX_000661,2025-10-08T14:10:06.466332,197.75176144157615,Westpac,Australia,Normal transaction
TX_000662,2025-10-08T20:10:06.466332,79.13658864095142,Shell,Australia,Normal transaction
TX_000663,2025-10-08T14:10:06.466332,30.17071084232657,Westpac,Australia,Normal transaction
TX_000664,2025-10-08T09:10:06.466332,166.4764464609568,Apple,Australia,Normal transaction
TX_000665,2025-10-09T09:10:06.466332,190.3430889612605,JB Hi-Fi,Australia,Normal transaction
TX_000666,2025-10-09T15:10:06.466332,61.53700506585602,Woolworths,Australia,Normal transaction
TX_000667,2025-10-09T15:10:06.466332,61.44693464777782,Hungry Jack's,Australia,Normal transaction
TX_000668,2025-10-09T20:10:06.466332,96.16571670841651,BWS,Australia,Normal transaction
TX_000669,2025-10-09T06:10:06.466332,56.091737558761366,Aldi,Australia,Normal transaction
TX_000670,2025-10-09T11:10:06.466332,204.92137694452185,7-Eleven,Australia,Normal transaction
TX_000671,2025-10-09T08:10:06.466332,106.18596828062962,BP,Australia,Normal transaction
TX_000672,2025-10-09T08:10:06.466332,242.17029473395797,Liquorland,Australia,Normal transaction
TX_000673,2025-10-10T17:10:06.466332,135.49284571616968,BWS,Australia,Normal transaction
TX_000674,2025-10-10T15:10:06.466332,9.39835852214982,McDonald's,Australia,Normal transaction
TX_000675,2025-10-10T07:10:06.466332,103.48612288946255,Westpac,Australia,Normal transaction
TX_000676,2025-10-10T20:10:06.466332,113.99641453093798,NAB,Australia,Normal transaction
TX_000677,2025-10-10T09:10:06.466332,41.821278930546214,IGA,Australia,Normal transaction
TX_000678,2025-10-10T15:10:06.466332,236.6712069736717,Coles,Australia,Normal transaction
TX_000679,2025-10-10T11:10:06.466332,136.27537119951862,Netflix,Australia,Normal transaction
TX_000680,2025-10-10T17:10:06.466332,313.86390362104817,Dan Murphy's,Australia,Normal transaction
TX_000681,2025-10-11T11:10:06.466332,64.66762135785586,Hungry Jack's,Australia,Normal transaction
TX_000682,2025-10-11T07:10:06.466332,12.095812260047964,JB Hi-Fi,Australia,Normal transaction
TX_000683,2025-10-11T13:10:06.466332,94.49818625811194,Kmart,Australia,Normal transaction
TX_000684,2025-10-11T07:10:06.466332,12.795946987203521,Caltex,Australia,Normal transaction
TX_000685,2025-10-11T20:10:06.466332,13.375423907731218,Westpac,Australia,Normal transaction
TX_000686,2025-10-11T06:10:06.466332,52.632754585469506,BWS,Australia,Normal transaction
TX_000687,2025-10-11T18:10:06.466332,79.67968397647394,McDonald's,Australia,Normal transaction
TX_000688,2025-10-11T07:10:06.466332,83.47064582044254,Subway,Australia,Normal transaction
TX_000689,2025-10-12T17:10:06.466332,133.55026201984953,McDonald's,Australia,Normal transaction
TX_000690,2025-10-12T20:10:06.466332,26.66614892539871,Coles,Australia,Normal transaction
TX_000691,2025-10-12T20:10:06.466332,39.82899656893804,Westpac,Australia,Normal transaction
TX_000692,2025-10-12T20:10:06.466332,220.95680229595166,Aldi,Australia,Normal transaction
TX_000693,2025-10-12T14:10:06.466332,91.41926796006257,Hungry Jack's,Australia,Normal transaction
TX_000694,2025-10-12T14:10:06.466332,107.94808382600482,7-Eleven,Australia,Normal transaction
TX_000695,2025-10-12T18:10:06.466332,104.75760222071345,Shell,Australia,Normal transaction
TX_000696,2025-10-12T16:10:06.466332,59.90932303292497,Westpac,Australia,Normal transaction
TX_000697,2025-10-13T08:10:06.466332,42.98016976375662,Aldi,Australia,Normal transaction
TX_000698,2025-10-13T07:10:06.466332,72.61041916137998,Commonwealth Bank,Australia,Normal transaction
TX_000699,2025-10-13T10:10:06.466332,37.910983977870586,Liquorland,Australia,Normal transaction
TX_000700,2025-10-13T07:10:06.466332,250.68478038589816,Officeworks,Australia,Normal transaction
TX_000701,2026-03-07T23:10:06.466332,21.24090446253478,Crown Perth,Australia,Late night transaction
TX_000702,2026-03-08T03:10:06.466332,746.6154948203289,Crown Perth,Australia,Late night transaction
TX_000703,2026-03-09T03:10:06.466332,179.85536914373193,Crown Perth,Australia,Late night transaction
TX_000704,2026-03-09T22:10:06.466332,686.3926291949246,Night Owl,Australia,Late night transaction
TX_000705,2026-03-09T02:10:06.466332,646.3659255152118,Star City Casino,Australia,Late night transaction
TX_000706,2026-03-09T23:10:06.466332,63.299858513312444,24/7 Convenience,Australia,Late night transaction
TX_000707,2026-03-09T23:10:06.466332,293.7662710511989,24/7 Convenience,Australia,Late night transaction
TX_000708,2026-03-10T03:10:06.466332,730.6851032665494,Night Owl,Australia,Late night transaction
TX_000709,2026-03-11T01:10:06.466332,733.8604617131257,Night Owl,Australia,Late night transaction
TX_000710,2026-03-11T03:10:06.466332,642.535765433513,Night Owl,Australia,Late night transaction
TX_000711,2026-03-11T01:10:06.466332,744.6103558032988,24/7 Convenience,Australia,Late night transaction
TX_000712,2026-03-12T22:10:06.466332,735.8629191714803,24/7 Convenience,Australia,Late night transaction
TX_000713,2026-03-12T01:10:06.466332,109.7601347315895,Star City Casino,Australia,Late night transaction
TX_000714,2026-03-12T01:10:06.466332,330.6510389188606,24/7 Convenience,Australia,Late night transaction
TX_000715,2026-03-13T03:10:06.466332,67.51483935753927,Night Owl,Australia,Late night transaction
TX_000716,2026-03-13T02:10:06.466332,206.51262878045793,24/7 Convenience,Australia,Late night transaction
TX_000717,2026-03-13T02:10:06.466332,249.85847802379013,Crown Perth,Australia,Late night transaction
TX_000718,2026-03-13T23:10:06.466332,640.298667354074,Star City Casino,Australia,Late night transaction
TX_000719,2026-03-13T23:10:06.466332,708.2584160046034,Star City Casino,Australia,Late night transaction
TX_000720,2026-03-14T01:10:06.466332,553.4266946494831,Night Owl,Australia,Late night transaction
TX_000721,2026-03-15T01:10:06.466332,546.802868606644,Star City Casino,Australia,Late night transaction
TX_000722,2026-03-15T02:10:06.466332,252.9977512243428,Night Owl,Australia,Late night transaction
TX_000723,2026-03-15T00:10:06.466332,503.1344117131721,Crown Perth,Australia,Late night transaction
TX_000724,2026-03-15T23:10:06.466332,392.2669093009314,Night Owl,Australia,Late night transaction
TX_000725,2026-03-16T22:10:06.466332,152.5107349522026,24/7 Convenience,Australia,Late night transaction
TX_000726,2026-03-16T02:10:06.466332,611.1392785446727,Night Owl,Australia,Late night transaction
TX_000727,2026-03-16T23:10:06.466332,502.99565615074295,Star City Casino,Australia,Late night transaction
TX_000728,2026-03-17T03:10:06.466332,413.42419579482333,Crown Perth,Australia,Late night transaction
TX_000729,2026-03-17T00:10:06.466332,224.5403230221651,Star City Casino,Australia,Late night transaction
TX_000730,2026-03-18T22:10:06.466332,69.0714749628176,24/7 Convenience,Australia,Late night transaction
TX_000731,2026-03-18T22:10:06.466332,510.48396822910854,24/7 Convenience,Australia,Late night transaction
TX_000732,2026-03-18T02:10:06.466332,59.30525038951921,Crown Perth,Australia,Late night transaction
TX_000733,2026-03-19T02:10:06.466332,178.039783605786,24/7 Convenience,Australia,Late night transaction
TX_000734,2026-03-19T01:10:06.466332,793.6174469047177,Crown Perth,Australia,Late night transaction
TX_000735,2026-03-19T01:10:06.466332,571.4690048268062,Star City Casino,Australia,Late night transaction
TX_000736,2026-03-20T02:10:06.466332,671.8742996646569,24/7 Convenience,Australia,Late night transaction
TX_000737,2026-03-20T03:10:06.466332,270.6708716557427,Night Owl,Australia,Late night transaction
TX_000738,2026-03-19T23:10:06.466332,531.2540996369587,Crown Perth,Australia,Late night transaction
TX_000739,2026-03-21T03:10:06.466332,442.4450191332627,Star City Casino,Australia,Late night transaction
TX_000740,2026-03-21T00:10:06.466332,157.5364993193765,Crown Perth,Australia,Late night transaction
TX_000741,2026-03-21T01:10:06.466332,361.7107593746247,Night Owl,Australia,Late night transaction
TX_000742,2026-03-22T01:10:06.466332,605.5447810743176,Crown Perth,Australia,Late night transaction
TX_000743,2026-03-22T00:10:06.466332,53.430835699349984,Star City Casino,Australia,Late night transaction
TX_000744,2026-03-22T02:10:06.466332,416.4155796996606,Night Owl,Australia,Late night transaction
TX_000745,2026-03-23T01:10:06.466332,415.78775093172493,Crown Perth,Australia,Late night transaction
TX_000746,2026-03-23T22:10:06.466332,92.20470061647856,24/7 Convenience,Australia,Late night transaction
TX_000747,2026-03-23T03:10:06.466332,479.80429198059846,Night Owl,Australia,Late night transaction
TX_000748,2026-03-23T23:10:06.466332,490.79142858042064,Star City Casino,Australia,Late night transaction
TX_000749,2026-03-24T01:10:06.466332,53.757690067452614,Crown Perth,Australia,Late night transaction
TX_000750,2026-03-24T22:10:06.466332,593.318046038284,Night Owl,Australia,Late night transaction
TX_000751,2026-01-20T23:10:06.466332,1006.8876726658194,Russia Merchant 750,Russia,International - Russia
TX_000752,2026-01-20T23:10:06.466332,241.55231798565725,Nigeria Merchant 751,Nigeria,International - Nigeria
TX_000753,2026-01-21T23:10:06.466332,2620.3209389998165,Cayman Islands Merchant 752,Cayman Islands,International - Cayman Islands
TX_000754,2026-01-21T23:10:06.466332,363.71452394883136,Nigeria Merchant 753,Nigeria,International - Nigeria
TX_000755,2026-01-21T23:10:06.466332,2183.995273666157,UAE Merchant 754,UAE,International - UAE
TX_000756,2026-01-21T23:10:06.466332,338.9898475438014,Russia Merchant 755,Russia,International - Russia
TX_000757,2026-01-22T23:10:06.466332,914.74831289336,Japan Merchant 756,Japan,International - Japan
TX_000758,2026-01-22T23:10:06.466332,1817.8177128635714,Philippines Merchant 757,Philippines,International - Philippines
TX_000759,2026-01-22T23:10:06.466332,1844.0390411936373,Panama Merchant 758,Panama,International - Panama
TX_000760,2026-01-22T23:10:06.466332,1451.1160944178835,UK Merchant 759,UK,International - UK
TX_000761,2026-01-23T23:10:06.466332,2271.4170326848034,UK Merchant 760,UK,International - UK
TX_000762,2026-01-23T23:10:06.466332,1214.0882231155624,Cayman Islands Merchant 761,Cayman Islands,International - Cayman Islands
TX_000763,2026-01-23T23:10:06.466332,1944.0872653497795,Japan Merchant 762,Japan,International - Japan
TX_000764,2026-01-23T23:10:06.466332,2429.2423463859795,Russia Merchant 763,Russia,International - Russia
TX_000765,2026-01-24T23:10:06.466332,1970.0510817385152,Singapore Merchant 764,Singapore,International - Singapore
TX_000766,2026-01-24T23:10:06.466332,359.26013247612093,Panama Merchant 765,Panama,International - Panama
TX_000767,2026-01-24T23:10:06.466332,456.59012878871465,New Zealand Merchant 766,New Zealand,International - New Zealand
TX_000768,2026-01-24T23:10:06.466332,2001.2390781920428,China Merchant 767,China,International - China
TX_000769,2026-01-25T23:10:06.466332,1463.7700374068866,New Zealand Merchant 768,New Zealand,International - New Zealand
TX_000770,2026-01-25T23:10:06.466332,277.44979788212913,New Zealand Merchant 769,New Zealand,International - New Zealand
TX_000771,2026-01-25T23:10:06.466332,507.5434071035023,Cayman Islands Merchant 770,Cayman Islands,International - Cayman Islands
TX_000772,2026-01-25T23:10:06.466332,1434.9804927323162,Singapore Merchant 771,Singapore,International - Singapore
TX_000773,2026-01-26T23:10:06.466332,2765.660828659234,Japan Merchant 772,Japan,International - Japan
TX_000774,2026-01-26T23:10:06.466332,2586.6197685014754,Philippines Merchant 773,Philippines,International - Philippines
TX_000775,2026-01-26T23:10:06.466332,528.8582907387778,UAE Merchant 774,UAE,International - UAE
TX_000776,2026-01-26T23:10:06.466332,1502.9465240336249,Philippines Merchant 775,Philippines,International - Philippines
TX_000777,2026-01-27T23:10:06.466332,2615.5965077042038,Philippines Merchant 776,Philippines,International - Philippines
TX_000778,2026-01-27T23:10:06.466332,481.8153182876774,New Zealand Merchant 777,New Zealand,International - New Zealand
TX_000779,2026-01-27T23:10:06.466332,1333.9434098720687,New Zealand Merchant 778,New Zealand,International - New Zealand
TX_000780,2026-01-27T23:10:06.466332,2247.033286142401,UK Merchant 779,UK,International - UK
TX_000781,2026-01-28T23:10:06.466332,2318.9471480660586,China Merchant 780,China,International - China
TX_000782,2026-01-28T23:10:06.466332,2502.544625345164,Philippines Merchant 781,Philippines,International - Philippines
TX_000783,2026-01-28T23:10:06.466332,1766.3849686831618,Cayman Islands Merchant 782,Cayman Islands,International - Cayman Islands
TX_000784,2026-01-28T23:10:06.466332,2075.2723949438487,Japan Merchant 783,Japan,International - Japan
TX_000785,2026-01-29T23:10:06.466332,2735.106031696649,China Merchant 784,China,International - China
TX_000786,2026-01-29T23:10:06.466332,1779.7916201658882,Panama Merchant 785,Panama,International - Panama
TX_000787,2026-01-29T23:10:06.466332,905.5781405354686,Cayman Islands Merchant 786,Cayman Islands,International - Cayman Islands
TX_000788,2026-01-29T23:10:06.466332,436.6742125481584,USA Merchant 787,USA,International - USA
TX_000789,2026-01-30T23:10:06.466332,1141.2341779861147,New Zealand Merchant 788,New Zealand,International - New Zealand
TX_000790,2026-01-30T23:10:06.466332,2529.246044462039,Russia Merchant 789,Russia,International - Russia
TX_000791,2026-01-30T23:10:06.466332,399.4767609850385,New Zealand Merchant 790,New Zealand,International - New Zealand
TX_000792,2026-01-30T23:10:06.466332,601.4340362832654,Japan Merchant 791,Japan,International - Japan
TX_000793,2026-01-31T23:10:06.466332,1738.7841531212955,New Zealand Merchant 792,New Zealand,International - New Zealand
TX_000794,2026-01-31T23:10:06.466332,1281.1909454744623,UAE Merchant 793,UAE,International - UAE
TX_000795,2026-01-31T23:10:06.466332,1659.0560940003627,New Zealand Merchant 794,New Zealand,International - New Zealand
TX_000796,2026-01-31T23:10:06.466332,1764.9763669447275,Panama Merchant 795,Panama,International - Panama
TX_000797,2026-02-01T23:10:06.466332,2512.9965243154984,Nigeria Merchant 796,Nigeria,International - Nigeria
TX_000798,2026-02-01T23:10:06.466332,2559.513269357555,Russia Merchant 797,Russia,International - Russia
TX_000799,2026-02-01T23:10:06.466332,2597.8684301558123,Japan Merchant 798,Japan,International - Japan
TX_000800,2026-02-01T23:10:06.466332,1827.715932847938,China Merchant 799,China,International - China
TX_000801,2026-02-02T23:10:06.466332,330.4492886601227,Panama Merchant 800,Panama,International - Panama
TX_000802,2026-02-02T23:10:06.466332,2908.9216798094717,Nigeria Merchant 801,Nigeria,International - Nigeria
TX_000803,2026-02-02T23:10:06.466332,2692.0479296590956,USA Merchant 802,USA,International - USA
TX_000804,2026-02-02T23:10:06.466332,988.3254327217975,UAE Merchant 803,UAE,International - UAE
TX_000805,2026-02-03T23:10:06.466332,500.0633364513648,UAE Merchant 804,UAE,International - UAE
TX_000806,2026-02-03T23:10:06.466332,361.84200230375944,Russia Merchant 805,Russia,International - Russia
TX_000807,2026-02-03T23:10:06.466332,1294.954223495455,UAE Merchant 806,UAE,International - UAE
TX_000808,2026-02-03T23:10:06.466332,1391.774408739614,Philippines Merchant 807,Philippines,International - Philippines
TX_000809,2026-02-04T23:10:06.466332,1091.6621099839738,Nigeria Merchant 808,Nigeria,International - Nigeria
TX_000810,2026-02-04T23:10:06.466332,329.24390583196634,New Zealand Merchant 809,New Zealand,International - New Zealand
TX_000811,2026-02-04T23:10:06.466332,2705.9683982865367,USA Merchant 810,USA,International - USA
TX_000812,2026-02-04T23:10:06.466332,1908.6418296348402,Panama Merchant 811,Panama,International - Panama
TX_000813,2026-02-05T23:10:06.466332,1195.6411063878056,Philippines Merchant 812,Philippines,International - Philippines
TX_000814,2026-02-05T23:10:06.466332,1517.217259405383,Philippines Merchant 813,Philippines,International - Philippines
TX_000815,2026-02-05T23:10:06.466332,1004.2817320848719,USA Merchant 814,USA,International - USA
TX_000816,2026-02-05T23:10:06.466332,2446.892679372264,USA Merchant 815,USA,International - USA
TX_000817,2026-02-06T23:10:06.466332,2026.3139513555018,Russia Merchant 816,Russia,International - Russia
TX_000818,2026-02-06T23:10:06.466332,2559.9331139463966,China Merchant 817,China,International - China
TX_000819,2026-02-06T23:10:06.466332,770.8545315110687,New Zealand Merchant 818,New Zealand,International - New Zealand
TX_000820,2026-02-06T23:10:06.466332,2474.067468724239,New Zealand Merchant 819,New Zealand,International - New Zealand
TX_000821,2026-02-07T23:10:06.466332,1575.2046201908338,UK Merchant 820,UK,International - UK
TX_000822,2026-02-07T23:10:06.466332,287.1913444706996,UK Merchant 821,UK,International - UK
TX_000823,2026-02-07T23:10:06.466332,1022.2016980681356,UK Merchant 822,UK,International - UK
TX_000824,2026-02-07T23:10:06.466332,2612.4588678724363,Nigeria Merchant 823,Nigeria,International - Nigeria
TX_000825,2026-02-08T23:10:06.466332,177.83846788911373,UK Merchant 824,UK,International - UK
TX_000826,2026-02-08T23:10:06.466332,1880.3033419578242,Japan Merchant 825,Japan,International - Japan
TX_000827,2026-02-08T23:10:06.466332,2203.303784501483,Cayman Islands Merchant 826,Cayman Islands,International - Cayman Islands
TX_000828,2026-02-08T23:10:06.466332,203.2629100256919,Cayman Islands Merchant 827,Cayman Islands,International - Cayman Islands
TX_000829,2026-02-09T23:10:06.466332,1401.0626707863669,UAE Merchant 828,UAE,International - UAE
TX_000830,2026-02-09T23:10:06.466332,1247.2803705664671,Japan Merchant 829,Japan,International - Japan
TX_000831,2025-12-30T23:10:06.466332,2128.7706377032846,OFFSHORE GLOBAL SERVICES,Australia,Suspicious merchant pattern
TX_000832,2025-12-30T23:10:06.466332,3675.1162485611153,ABC DEF GHI INTERNATIONAL,Panama,Suspicious merchant pattern
TX_000833,2025-12-30T23:10:06.466332,806.533027102427,GAMING HOLDINGS INTERNATIONAL,Cayman Islands,Suspicious merchant pattern
TX_000834,2025-12-30T23:10:06.466332,2856.2928821027485,UBER PARRAMATTA INCORPORATED,Australia,Suspicious merchant pattern
TX_000835,2025-12-30T23:10:06.466332,3854.5725843035957,SHELL COMPANY NOMINEES,Australia,Suspicious merchant pattern
TX_000836,2025-12-31T23:10:06.466332,1691.539453802424,BITCOIN VENTURES INCORPORATED,Australia,Suspicious merchant pattern
TX_000837,2025-12-31T23:10:06.466332,2814.2688614004246,ABC DEF GHI INTERNATIONAL,Panama,Suspicious merchant pattern
TX_000838,2025-12-31T23:10:06.466332,1651.0506290407388,ABC DEF GHI INTERNATIONAL,Australia,Suspicious merchant pattern
TX_000839,2025-12-31T23:10:06.466332,1957.7283143693935,XYZ HOLDINGS 4456 PTY LTD,Panama,Suspicious merchant pattern
TX_000840,2025-12-31T23:10:06.466332,1326.3969651445218,XYZ HOLDINGS 4456 PTY LTD,Cayman Islands,Suspicious merchant pattern
TX_000841,2026-01-01T23:10:06.466332,557.0436437925187,SHELL COMPANY NOMINEES,Cayman Islands,Suspicious merchant pattern
TX_000842,2026-01-01T23:10:06.466332,3683.033817792362,CRYPTO EXCHANGE INTERNATIONAL LLC,Cayman Islands,Suspicious merchant pattern
TX_000843,2026-01-01T23:10:06.466332,1557.466418415096,BITCOIN VENTURES INCORPORATED,Panama,Suspicious merchant pattern
TX_000844,2026-01-01T23:10:06.466332,3244.3602794234275,ABC DEF GHI INTERNATIONAL,Cayman Islands,Suspicious merchant pattern
TX_000845,2026-01-01T23:10:06.466332,4744.310305955523,OFFSHORE GLOBAL SERVICES,Australia,Suspicious merchant pattern
TX_000846,2026-01-02T23:10:06.466332,1471.939260473181,SHELL COMPANY NOMINEES,Panama,Suspicious merchant pattern
TX_000847,2026-01-02T23:10:06.466332,3879.584938223654,RANDOM8899 TRANSFER SERVICE,Panama,Suspicious merchant pattern
TX_000848,2026-01-02T23:10:06.466332,746.5061470749088,RANDOM8899 TRANSFER SERVICE,Australia,Suspicious merchant pattern
TX_000849,2026-01-02T23:10:06.466332,3431.966731633641,BITCOIN VENTURES INCORPORATED,Panama,Suspicious merchant pattern
TX_000850,2026-01-02T23:10:06.466332,3529.2933971437355,RANDOM8899 TRANSFER SERVICE,Cayman Islands,Suspicious merchant pattern
TX_000851,2026-01-03T23:10:06.466332,4728.762287615498,OFFSHORE GLOBAL SERVICES,Australia,Suspicious merchant pattern
TX_000852,2026-01-03T23:10:06.466332,3746.6269138015123,RANDOM8899 TRANSFER SERVICE,Panama,Suspicious merchant pattern
TX_000853,2026-01-03T23:10:06.466332,2978.664134063332,OFFSHORE GLOBAL SERVICES,Panama,Suspicious merchant pattern
TX_000854,2026-01-03T23:10:06.466332,4894.9901619876055,GAMING HOLDINGS INTERNATIONAL,Australia,Suspicious merchant pattern
TX_000855,2026-01-03T23:10:06.466332,4455.730236460972,SHELL COMPANY NOMINEES,Australia,Suspicious merchant pattern
TX_000856,2026-01-04T23:10:06.466332,1280.7768915523143,CRYPTO EXCHANGE INTERNATIONAL LLC,Australia,Suspicious merchant pattern
TX_000857,2026-01-04T23:10:06.466332,4640.698297320983,RANDOM8899 TRANSFER SERVICE,Australia,Suspicious merchant pattern
TX_000858,2026-01-04T23:10:06.466332,630.7499116369344,SHELL COMPANY NOMINEES,Panama,Suspicious merchant pattern
TX_000859,2026-01-04T23:10:06.466332,3623.966595033712,XYZ HOLDINGS 4456 PTY LTD,Panama,Suspicious merchant pattern
TX_000860,2026-01-04T23:10:06.466332,2250.8839299919064,XYZ HOLDINGS 4456 PTY LTD,Australia,Suspicious merchant pattern
TX_000861,2026-01-05T23:10:06.466332,1237.366393343194,SHELL COMPANY NOMINEES,Panama,Suspicious merchant pattern
TX_000862,2026-01-05T23:10:06.466332,4482.998778785755,SHELL COMPANY NOMINEES,Australia,Suspicious merchant pattern
TX_000863,2026-01-05T23:10:06.466332,1430.2451965396103,GAMING HOLDINGS INTERNATIONAL,Australia,Suspicious merchant pattern
TX_000864,2026-01-05T23:10:06.466332,2949.4784850320525,CRYPTO EXCHANGE INTERNATIONAL LLC,Cayman Islands,Suspicious merchant pattern
TX_000865,2026-01-05T23:10:06.466332,532.4487084076402,OFFSHORE GLOBAL SERVICES,Panama,Suspicious merchant pattern
TX_000866,2026-01-06T23:10:06.466332,3868.2998957399827,RANDOM8899 TRANSFER SERVICE,Panama,Suspicious merchant pattern
TX_000867,2026-01-06T23:10:06.466332,4361.665174357493,GAMING HOLDINGS INTERNATIONAL,Panama,Suspicious merchant pattern
TX_000868,2026-01-06T23:10:06.466332,4197.410486865947,CRYPTO EXCHANGE INTERNATIONAL LLC,Panama,Suspicious merchant pattern
TX_000869,2026-01-06T23:10:06.466332,4922.194746328216,GAMING HOLDINGS INTERNATIONAL,Panama,Suspicious merchant pattern
TX_000870,2026-01-06T23:10:06.466332,4142.613576981404,UBER PARRAMATTA INCORPORATED,Cayman Islands,Suspicious merchant pattern
TX_000871,2026-01-07T23:10:06.466332,2309.4525163444496,CRYPTO EXCHANGE INTERNATIONAL LLC,Australia,Suspicious merchant pattern
TX_000872,2026-01-07T23:10:06.466332,4371.021905700593,SHELL COMPANY NOMINEES,Australia,Suspicious merchant pattern
TX_000873,2026-01-07T23:10:06.466332,1884.7241487714318,UBER PARRAMATTA INCORPORATED,Panama,Suspicious merchant pattern
TX_000874,2026-01-07T23:10:06.466332,2625.936516706285,ABC DEF GHI INTERNATIONAL,Cayman Islands,Suspicious merchant pattern
TX_000875,2026-01-07T23:10:06.466332,530.2850090582572,BITCOIN VENTURES INCORPORATED,Australia,Suspicious merchant pattern
TX_000876,2026-01-08T23:10:06.466332,1780.377021516205,OFFSHORE GLOBAL SERVICES,Cayman Islands,Suspicious merchant pattern
TX_000877,2026-01-08T23:10:06.466332,3016.497546844671,UBER PARRAMATTA INCORPORATED,Cayman Islands,Suspicious merchant pattern
TX_000878,2026-01-08T23:10:06.466332,3736.7134115699932,BITCOIN VENTURES INCORPORATED,Australia,Suspicious merchant pattern
TX_000879,2026-01-08T23:10:06.466332,1060.0639326316139,GAMING HOLDINGS INTERNATIONAL,Panama,Suspicious merchant pattern
TX_000880,2026-01-08T23:10:06.466332,2287.4522846020227,XYZ HOLDINGS 4456 PTY LTD,Panama,Suspicious merchant pattern
TX_000881,2025-12-10T23:10:06.466332,9453.254378201804,Wire Transfer Service,Australia,Potential structuring
TX_000882,2025-12-10T23:10:06.466332,8382.283251626075,Wire Transfer Service,Australia,Potential structuring
TX_000883,2025-12-11T23:10:06.466332,8332.72720051461,Wire Transfer Service,Australia,Potential structuring
TX_000884,2025-12-11T23:10:06.466332,8376.062560386617,Wire Transfer Service,Australia,Potential structuring
TX_000885,2025-12-11T23:10:06.466332,9315.381134975329,Wire Transfer Service,Australia,Potential structuring
TX_000886,2025-12-11T23:10:06.466332,8093.415509068886,Wire Transfer Service,Australia,Potential structuring
TX_000887,2025-12-11T23:10:06.466332,8646.620631189653,Wire Transfer Service,Australia,Potential structuring
TX_000888,2025-12-11T23:10:06.466332,9194.357693122383,Wire Transfer Service,Australia,Potential structuring
TX_000889,2025-12-12T23:10:06.466332,9057.172207126398,Wire Transfer Service,Australia,Potential structuring
TX_000890,2025-12-12T23:10:06.466332,8920.60606379803,Wire Transfer Service,Australia,Potential structuring
TX_000891,2025-12-12T23:10:06.466332,8311.279262339935,Wire Transfer Service,Australia,Potential structuring
TX_000892,2025-12-12T23:10:06.466332,9526.360740346308,Wire Transfer Service,Australia,Potential structuring
TX_000893,2025-12-12T23:10:06.466332,8990.809922658771,Wire Transfer Service,Australia,Potential structuring
TX_000894,2025-12-12T23:10:06.466332,9732.880092201649,Wire Transfer Service,Australia,Potential structuring
TX_000895,2025-12-13T23:10:06.466332,8010.22928923008,Wire Transfer Service,Australia,Potential structuring
TX_000896,2025-12-13T23:10:06.466332,8014.994093987649,Wire Transfer Service,Australia,Potential structuring
TX_000897,2025-12-13T23:10:06.466332,8084.789015691847,Wire Transfer Service,Australia,Potential structuring
TX_000898,2025-12-13T23:10:06.466332,8296.001298276075,Wire Transfer Service,Australia,Potential structuring
TX_000899,2025-12-13T23:10:06.466332,8176.05289290582,Wire Transfer Service,Australia,Potential structuring
TX_000900,2025-12-13T23:10:06.466332,8749.01257646991,Wire Transfer Service,Australia,Potential structuring
TX_000901,2025-12-14T23:10:06.466332,8002.2750581290275,Wire Transfer Service,Australia,Potential structuring
TX_000902,2025-12-14T23:10:06.466332,8499.310755407618,Wire Transfer Service,Australia,Potential structuring
TX_000903,2025-12-14T23:10:06.466332,8416.74798179771,Wire Transfer Service,Australia,Potential structuring
TX_000904,2025-12-14T23:10:06.466332,8082.874838586306,Wire Transfer Service,Australia,Potential structuring
TX_000905,2025-12-14T23:10:06.466332,9442.922884109841,Wire Transfer Service,Australia,Potential structuring
TX_000906,2025-12-14T23:10:06.466332,8360.366240185762,Wire Transfer Service,Australia,Potential structuring
TX_000907,2025-12-15T23:10:06.466332,9231.981742662309,Wire Transfer Service,Australia,Potential structuring
TX_000908,2025-12-15T23:10:06.466332,9746.140879344312,Wire Transfer Service,Australia,Potential structuring
TX_000909,2025-12-15T23:10:06.466332,9036.812576833836,Wire Transfer Service,Australia,Potential structuring
TX_000910,2025-12-15T23:10:06.466332,8936.693508161396,Wire Transfer Service,Australia,Potential structuring
TX_000911,2025-12-15T23:10:06.466332,8207.20784461344,Wire Transfer Service,Australia,Potential structuring
TX_000912,2025-12-15T23:10:06.466332,9371.702601604791,Wire Transfer Service,Australia,Potential structuring
TX_000913,2025-12-16T23:10:06.466332,8037.42606740316,Wire Transfer Service,Australia,Potential structuring
TX_000914,2025-12-16T23:10:06.466332,8969.582053681213,Wire Transfer Service,Australia,Potential structuring
TX_000915,2025-12-16T23:10:06.466332,9115.458889351305,Wire Transfer Service,Australia,Potential structuring
TX_000916,2025-12-16T23:10:06.466332,8914.264419512518,Wire Transfer Service,Australia,Potential structuring
TX_000917,2025-12-16T23:10:06.466332,8389.387983845298,Wire Transfer Service,Australia,Potential structuring
TX_000918,2025-12-16T23:10:06.466332,8133.332426996913,Wire Transfer Service,Australia,Potential structuring
TX_000919,2025-12-17T23:10:06.466332,9316.248111513873,Wire Transfer Service,Australia,Potential structuring
TX_000920,2025-12-17T23:10:06.466332,9670.690617918346,Wire Transfer Service,Australia,Potential structuring
TX_000921,2025-12-18T07:10:06.466332,3574.4929128774484,Payment Processor,Australia,Repetitive pattern
TX_000922,2025-12-18T11:10:06.466332,3511.8133985621766,Payment Processor,Australia,Repetitive pattern
TX_000923,2025-12-18T15:10:06.466332,3419.4435608548333,Payment Processor,Australia,Repetitive pattern
TX_000924,2025-12-18T19:10:06.466332,3438.679585542541,Payment Processor,Australia,Repetitive pattern
TX_000925,2025-12-18T23:10:06.466332,3507.036389934905,Payment Processor,Australia,Repetitive pattern
TX_000926,2025-12-19T03:10:06.466332,3505.318902591855,Payment Processor,Australia,Repetitive pattern
TX_000927,2025-12-19T07:10:06.466332,3419.9956285918497,Payment Processor,Australia,Repetitive pattern
TX_000928,2025-12-19T11:10:06.466332,3454.3029505937507,Payment Processor,Australia,Repetitive pattern
TX_000929,2025-12-19T15:10:06.466332,3525.705814151612,Payment Processor,Australia,Repetitive pattern
TX_000930,2025-12-19T19:10:06.466332,3498.7327369717673,Payment Processor,Australia,Repetitive pattern
TX_000931,2025-12-19T23:10:06.466332,3585.532535826422,Payment Processor,Australia,Repetitive pattern
TX_000932,2025-12-20T03:10:06.466332,3462.4403602272546,Payment Processor,Australia,Repetitive pattern
TX_000933,2025-12-20T07:10:06.466332,3518.997994367982,Payment Processor,Australia,Repetitive pattern
TX_000934,2025-12-20T11:10:06.466332,3560.9718855332508,Payment Processor,Australia,Repetitive pattern
TX_000935,2025-12-20T15:10:06.466332,3469.769627023093,Payment Processor,Australia,Repetitive pattern
TX_000936,2025-12-20T19:10:06.466332,3511.7446784024796,Payment Processor,Australia,Repetitive pattern
TX_000937,2025-12-20T23:10:06.466332,3555.816658987735,Payment Processor,Australia,Repetitive pattern
TX_000938,2025-12-21T03:10:06.466332,3455.963151291195,Payment Processor,Australia,Repetitive pattern
TX_000939,2025-12-21T07:10:06.466332,3456.5308797277744,Payment Processor,Australia,Repetitive pattern
TX_000940,2025-12-21T11:10:06.466332,3447.019654857925,Payment Processor,Australia,Repetitive pattern
TX_000941,2025-12-21T15:10:06.466332,3521.515559076549,Payment Processor,Australia,Repetitive pattern
TX_000942,2025-12-21T19:10:06.466332,3460.0143207549027,Payment Processor,Australia,Repetitive pattern
TX_000943,2025-12-21T23:10:06.466332,3490.1602206480406,Payment Processor,Australia,Repetitive pattern
TX_000944,2025-12-22T03:10:06.466332,3510.5618520062126,Payment Processor,Australia,Repetitive pattern
TX_000945,2025-12-22T07:10:06.466332,3452.3333456178257,Payment Processor,Australia,Repetitive pattern
TX_000946,2025-12-22T11:10:06.466332,3430.531193714965,Payment Processor,Australia,Repetitive pattern
TX_000947,2025-12-22T15:10:06.466332,3431.4596210032464,Payment Processor,Australia,Repetitive pattern
TX_000948,2025-12-22T19:10:06.466332,3506.1028037183496,Payment Processor,Australia,Repetitive pattern
TX_000949,2025-12-22T23:10:06.466332,3589.05046254646,Payment Processor,Australia,Repetitive pattern
TX_000950,2025-12-23T03:10:06.466332,3576.5390582087134,Payment Processor,Australia,Repetitive pattern
TX_000951,2025-10-20T23:10:06.466332,64825.80887362422,Investment Fund,Australia,Large transaction
TX_000952,2025-10-20T23:10:06.466332,137910.98166097398,Property Purchase,Australia,Large transaction
TX_000953,2025-10-20T23:10:06.466332,126605.50139303689,Vehicle Dealer,Australia,Large transaction
TX_000954,2025-10-20T23:10:06.466332,86358.69021469486,Vehicle Dealer,Australia,Large transaction
TX_000955,2025-10-20T23:10:06.466332,66040.69908918027,Vehicle Dealer,Australia,Large transaction
TX_000956,2025-10-20T23:10:06.466332,147880.42245278423,Vehicle Dealer,Australia,Large transaction
TX_000957,2025-10-20T23:10:06.466332,147504.29438375196,Property Purchase,Australia,Large transaction
TX_000958,2025-10-20T23:10:06.466332,80924.45972038058,Investment Fund,Australia,Large transaction
TX_000959,2025-10-20T23:10:06.466332,107380.79503177103,Property Purchase,Australia,Large transaction
TX_000960,2025-10-20T23:10:06.466332,113856.89245510405,Vehicle Dealer,Australia,Large transaction
TX_000961,2025-10-21T23:10:06.466332,97910.41559997748,Investment Fund,Australia,Large transaction
TX_000962,2025-10-21T23:10:06.466332,100251.9847855574,Investment Fund,Australia,Large transaction
TX_000963,2025-10-21T23:10:06.466332,115750.97714188027,Vehicle Dealer,Australia,Large transaction
TX_000964,2025-10-21T23:10:06.466332,86402.43761302321,Property Purchase,Australia,Large transaction
TX_000965,2025-10-21T23:10:06.466332,103743.16621452663,Vehicle Dealer,Australia,Large transaction
TX_000966,2025-10-21T23:10:06.466332,148943.35106765173,Property Purchase,Australia,Large transaction
TX_000967,2025-10-21T23:10:06.466332,141111.08845031817,Vehicle Dealer,Australia,Large transaction
TX_000968,2025-10-21T23:10:06.466332,109182.22426116485,Property Purchase,Australia,Large transaction
TX_000969,2025-10-21T23:10:06.466332,125796.217174667,Property Purchase,Australia,Large transaction
TX_000970,2025-10-21T23:10:06.466332,59110.36920486532,Vehicle Dealer,Australia,Large transaction
TX_000971,2025-10-22T23:10:06.466332,112362.62921706744,Property Purchase,Australia,Large transaction
TX_000972,2025-10-22T23:10:06.466332,83226.9539510879,Property Purchase,Australia,Large transaction
TX_000973,2025-10-22T23:10:06.466332,109751.84008903042,Vehicle Dealer,Australia,Large transaction
TX_000974,2025-10-22T23:10:06.466332,133749.57191454168,Vehicle Dealer,Australia,Large transaction
TX_000975,2025-10-22T23:10:06.466332,112219.78210215806,Vehicle Dealer,Australia,Large transaction
TX_000976,2025-10-22T23:10:06.466332,70842.30480998466,Property Purchase,Australia,Large transaction
TX_000977,2025-10-22T23:10:06.466332,112813.21328944116,Property Purchase,Australia,Large transaction
TX_000978,2025-10-22T23:10:06.466332,102465.9072334677,Vehicle Dealer,Australia,Large transaction
TX_000979,2025-10-22T23:10:06.466332,92600.95543321104,Property Purchase,Australia,Large transaction
TX_000980,2025-10-22T23:10:06.466332,72425.71653573388,Investment Fund,Australia,Large transaction
TX_000981,2025-10-07T00:10:06.466332,9448.294237983153,SHELL HOLDINGS 9999,UAE,Multiple risk factors
TX_000982,2025-10-07T02:10:06.466332,8671.618923547916,CRYPTO OFFSHORE INCORPORATED,UAE,Multiple risk factors
TX_000983,2025-10-07T01:10:06.466332,8915.590587503939,SHELL HOLDINGS 9999,Cayman Islands,Multiple risk factors
TX_000984,2025-10-07T02:10:06.466332,8722.855966186355,CRYPTO OFFSHORE INCORPORATED,UAE,Multiple risk factors
TX_000985,2025-10-08T00:10:06.466332,8585.749437789284,CRYPTO OFFSHORE INCORPORATED,Cayman Islands,Multiple risk factors
TX_000986,2025-10-08T01:10:06.466332,8865.076232688229,SHELL HOLDINGS 9999,UAE,Multiple risk factors
TX_000987,2025-10-07T23:10:06.466332,9139.791636998909,CRYPTO OFFSHORE INCORPORATED,UAE,Multiple risk factors
TX_000988,2025-10-08T00:10:06.466332,8942.796659758447,SHELL HOLDINGS 9999,UAE,Multiple risk factors
TX_000989,2025-10-08T02:10:06.466332,9445.918530562116,SHELL HOLDINGS 9999,UAE,Multiple risk factors
TX_000990,2025-10-08T01:10:06.466332,8890.762248973553,SHELL HOLDINGS 9999,Cayman Islands,Multiple risk factors
TX_000991,2025-10-08T02:10:06.466332,9048.558116786524,SHELL HOLDINGS 9999,Panama,Multiple risk factors
TX_000992,2025-10-08T00:10:06.466332,8765.201941483454,SHELL HOLDINGS 9999,UAE,Multiple risk factors
TX_000993,2025-10-08T00:10:06.466332,8728.611518390755,CRYPTO OFFSHORE INCORPORATED,Cayman Islands,Multiple risk factors
TX_000994,2025-10-08T02:10:06.466332,8575.452413778981,SHELL HOLDINGS 9999,Panama,Multiple risk factors
TX_000995,2025-10-07T23:10:06.466332,9097.439681116963,SHELL HOLDINGS 9999,Cayman Islands,Multiple risk factors
TX_000996,2025-10-08T00:10:06.466332,9134.756422058927,SHELL HOLDINGS 9999,UAE,Multiple risk factors
TX_000997,2025-10-09T00:10:06.466332,9023.051648781044,SHELL HOLDINGS 9999,UAE,Multiple risk factors
TX_000998,2025-10-09T00:10:06.466332,8845.369405764026,SHELL HOLDINGS 9999,Panama,Multiple risk factors
TX_000999,2025-10-09T01:10:06.466332,9249.168740945817,CRYPTO OFFSHORE INCORPORATED,Cayman Islands,Multiple risk factors
TX_001000,2025-10-09T02:10:06.466332,9179.686800041683,SHELL HOLDINGS 9999,Panama,Multiple risk factors
