"Transaction Hash","Blockno","UnixTimestamp","DateTime (UTC)","From","To","ContractAddress","Value_IN(ETH)","Value_OUT(ETH)","CurrentValue @ $2502.19569963452/Eth","TxnFee(ETH)","TxnFee(USD)","Historical $Price/Eth","Status","ErrCode","Method"
"0x2e3b8fffe78e51c23f390e26f7a0a77f33e2f3bee722ed4c81f564dd3eb642e4","22406785","1746317927","2025-05-04 00:18:47","0x290ca4da2c963dea5ae736469a5b8a53d64d4e6a","0xda9dfa130df4de4673b89022ee50ff26f6ea73cf","","0","0","0","0.0000405648","0.101501068116534","1809.00","","","0x68747470"
"0x289b7bd83cd381c27d7872c056c6e41d0ea1a67379e40f4eaec01c85f0d7e6b6","22406812","1746318251","2025-05-04 00:24:11","0x290ca4da2c963dea5ae736469a5b8a53d64d4e6a","0xda9dfa130df4de4673b89022ee50ff26f6ea73cf","","0","0","0","0.000022536","0.0563894822869635","1809.00","","","0x68747470"
"0x1c9817fdae5e4d8b212ea7194c388a17a041e30c9b4963d1b8cbeee946955a35","22407063","1746321299","2025-05-04 01:14:59","0x290ca4da2c963dea5ae736469a5b8a53d64d4e6a","0xda9dfa130df4de4673b89022ee50ff26f6ea73cf","","0","0","0","0.000022536","0.0563894822869635","1809.00","","","0x68747470"
"0x74d77eaa9d1a7c75654772ebb8169da097cdeb19138584f472c5210d0a9cf2f6","22407102","1746321767","2025-05-04 01:22:47","0x290ca4da2c963dea5ae736469a5b8a53d64d4e6a","0xda9dfa130df4de4673b89022ee50ff26f6ea73cf","","0","0","0","0.000022536","0.0563894822869635","1809.00","","","0x68747470"
"0xea87acb903eedb60447b835b2555d46b5af41447a58238767b9a3225742c2d25","22407145","1746322283","2025-05-04 01:31:23","0x290ca4da2c963dea5ae736469a5b8a53d64d4e6a","0xda9dfa130df4de4673b89022ee50ff26f6ea73cf","","0","0","0","0.000022472","0.0562293417621869","1809.00","","","0x68747470"
"0x2f82cec5c304c42598613a47abd74cbf62f931552b419f7b6471394fcbeef5c1","22407156","1746322415","2025-05-04 01:33:35","0x290ca4da2c963dea5ae736469a5b8a53d64d4e6a","0xda9dfa130df4de4673b89022ee50ff26f6ea73cf","","0","0","0","0.000022712","0.0568298687300992","1809.00","","","0x68747470"
"0x7129edc9e1a62182a7c291942c0a5dab4795264755c0bdfd88dc8f36dc350fb0","22407410","1746325487","2025-05-04 02:24:47","0x290ca4da2c963dea5ae736469a5b8a53d64d4e6a","0xda9dfa130df4de4673b89022ee50ff26f6ea73cf","","0","0","0","0.000022712","0.0568298687300992","1809.00","","","0x68747470"
"0x4a72d51b51bd5962ce4523aca478c833b393179051a70c1b8675a37e666fe5bf","22407446","1746325931","2025-05-04 02:32:11","0x290ca4da2c963dea5ae736469a5b8a53d64d4e6a","0xda9dfa130df4de4673b89022ee50ff26f6ea73cf","","0","0","0","0.000022712","0.0568298687300992","1809.00","","","0x68747470"
"0xec5b8377fc4f648c150ac2bccec21a1b082eafc206f24cd6ccd7c54804db40f8","22407530","1746326939","2025-05-04 02:48:59","0x290ca4da2c963dea5ae736469a5b8a53d64d4e6a","0xda9dfa130df4de4673b89022ee50ff26f6ea73cf","","0","0","0","0.000022712","0.0568298687300992","1809.00","","","0x68747470"
"0x99d7a78f3caecb9a786d829d7008c3ee53b0c66c90a1114eb3bfb9f00de9e79c","22407778","1746329963","2025-05-04 03:39:23","0x290ca4da2c963dea5ae736469a5b8a53d64d4e6a","0xda9dfa130df4de4673b89022ee50ff26f6ea73cf","","0","0","0","0.000022712","0.0568298687300992","1809.00","","","0x68747470"
"0x25e10f34759d8f5423b8b1f4a62d1aabc3fc22bf3a0da02118c0baa03417feb5","22407815","1746330407","2025-05-04 03:46:47","0x290ca4da2c963dea5ae736469a5b8a53d64d4e6a","0xda9dfa130df4de4673b89022ee50ff26f6ea73cf","","0","0","0","0.000022712","0.0568298687300992","1809.00","","","0x68747470"
"0x5463541910ae8d315a3e8068b00b4d399e28ffeb02aad482ed81358a80541c24","22407899","1746331415","2025-05-04 04:03:35","0x290ca4da2c963dea5ae736469a5b8a53d64d4e6a","0xda9dfa130df4de4673b89022ee50ff26f6ea73cf","","0","0","0","0.000022712","0.0568298687300992","1809.00","","","0x68747470"
"0xbb62ce8d1d0cfa44d626a042d140870298da92e1fcb26e1eb2b0d912616c203e","22408149","1746334439","2025-05-04 04:53:59","0x290ca4da2c963dea5ae736469a5b8a53d64d4e6a","0xda9dfa130df4de4673b89022ee50ff26f6ea73cf","","0","0","0","0.000022712","0.0568298687300992","1809.00","","","0x68747470"
"0x91f9ad81d4c0aaf2cc591a3eba6b09ab74a088ee5d47f1fd6b715f7984104e1a","22408186","1746334883","2025-05-04 05:01:23","0x290ca4da2c963dea5ae736469a5b8a53d64d4e6a","0xda9dfa130df4de4673b89022ee50ff26f6ea73cf","","0","0","0","0.000022712","0.0568298687300992","1809.00","","","0x68747470"
"0xfecd863459f170d7e9340a1ca5a2557c538e3cf9cc2fabff12d7dc066b325c96","22408270","1746335903","2025-05-04 05:18:23","0x290ca4da2c963dea5ae736469a5b8a53d64d4e6a","0xda9dfa130df4de4673b89022ee50ff26f6ea73cf","","0","0","0","0.000022712","0.0568298687300992","1809.00","","","0x68747470"
"0x3815439a7fc5f02061330f0685d3fb83b8250d0206cc05395c3a019f81722770","22408521","1746338939","2025-05-04 06:08:59","0x290ca4da2c963dea5ae736469a5b8a53d64d4e6a","0xda9dfa130df4de4673b89022ee50ff26f6ea73cf","","0","0","0","0.000022712","0.0568298687300992","1809.00","","","0x68747470"
"0xc6c1615793746d9592b290b85825e445ff8f413b6f1bab4dc114a99221b387b1","22408558","1746339383","2025-05-04 06:16:23","0x290ca4da2c963dea5ae736469a5b8a53d64d4e6a","0xda9dfa130df4de4673b89022ee50ff26f6ea73cf","","0","0","0","0.000022712","0.0568298687300992","1809.00","","","0x68747470"
"0xda1170fc495c726df55d7ad132fae257ec86c0fa81a4cebbeabc8628b13f4727","22408643","1746340403","2025-05-04 06:33:23","0x290ca4da2c963dea5ae736469a5b8a53d64d4e6a","0xda9dfa130df4de4673b89022ee50ff26f6ea73cf","","0","0","0","0.000022712","0.0568298687300992","1809.00","","","0x68747470"
"0x1502c6896c5ad5100815d1448fed0e7a1b53c831d8eeb95139e181e4ae47fe08","22408894","1746343451","2025-05-04 07:24:11","0x290ca4da2c963dea5ae736469a5b8a53d64d4e6a","0xda9dfa130df4de4673b89022ee50ff26f6ea73cf","","0","0","0","0.000022712","0.0568298687300992","1809.00","","","0x68747470"
"0xd1890e0ddd890bb107d33be4bac7ec8fcf63b72da646c357c5d8e005fe51c66c","22408931","1746343895","2025-05-04 07:31:35","0x290ca4da2c963dea5ae736469a5b8a53d64d4e6a","0xda9dfa130df4de4673b89022ee50ff26f6ea73cf","","0","0","0","0.000022712","0.0568298687300992","1809.00","","","0x68747470"
"0x5b40f05a772a76a5b7754a76add1b181d838c8bb8119a9105bbe321e6c57f660","22409015","1746344903","2025-05-04 07:48:23","0x290ca4da2c963dea5ae736469a5b8a53d64d4e6a","0xda9dfa130df4de4673b89022ee50ff26f6ea73cf","","0","0","0","0.000022712","0.0568298687300992","1809.00","","","0x68747470"
"0x1c32b8f324987ff06acb6772c75bcf5a4ba22e030590c536b2dddf2d6d302556","22409263","1746347939","2025-05-04 08:38:59","0x290ca4da2c963dea5ae736469a5b8a53d64d4e6a","0xda9dfa130df4de4673b89022ee50ff26f6ea73cf","","0","0","0","0.000022712","0.0568298687300992","1809.00","","","0x68747470"
"0x81d22f2f8caaad68d96bd4d129d71b6177b9deced3509fad93a71fc12c5dbf64","22409300","1746348407","2025-05-04 08:46:47","0x290ca4da2c963dea5ae736469a5b8a53d64d4e6a","0xda9dfa130df4de4673b89022ee50ff26f6ea73cf","","0","0","0","0.000022712","0.0568298687300992","1809.00","","","0x68747470"
"0x19547344668c4e7393940d38d081134f7552726775df559c3770691aeeeacb4d","22409384","1746349415","2025-05-04 09:03:35","0x290ca4da2c963dea5ae736469a5b8a53d64d4e6a","0xda9dfa130df4de4673b89022ee50ff26f6ea73cf","","0","0","0","0.000022712","0.0568298687300992","1809.00","","","0x68747470"
"0xd29cb46c372eb217cc24bb4d5c4e2731b254440605aaa994c25feca9fd41edb3","22409634","1746352451","2025-05-04 09:54:11","0x290ca4da2c963dea5ae736469a5b8a53d64d4e6a","0xda9dfa130df4de4673b89022ee50ff26f6ea73cf","","0","0","0","0.000022712","0.0568298687300992","1809.00","","","0x68747470"
"0x4ef3975e3ca7c515bc96d9815f4f9105e495fb0b30d927c56127c2338ce83f53","22409672","1746352907","2025-05-04 10:01:47","0x290ca4da2c963dea5ae736469a5b8a53d64d4e6a","0xda9dfa130df4de4673b89022ee50ff26f6ea73cf","","0","0","0","0.000022712","0.0568298687300992","1809.00","","","0x68747470"
"0xa706bff08cd10ee008eec4e90c7d43869b01fed992fb75872ccc3860dd9dbd86","22409755","1746353915","2025-05-04 10:18:35","0x290ca4da2c963dea5ae736469a5b8a53d64d4e6a","0xda9dfa130df4de4673b89022ee50ff26f6ea73cf","","0","0","0","0.000022712","0.0568298687300992","1809.00","","","0x68747470"
"0x44affa11982e9fba3bd03c6df2d8abdb25b5d6be8264921897f2b599e30a0a0a","22410008","1746356963","2025-05-04 11:09:23","0x290ca4da2c963dea5ae736469a5b8a53d64d4e6a","0xda9dfa130df4de4673b89022ee50ff26f6ea73cf","","0","0","0","0.000022712","0.0568298687300992","1809.00","","","0x68747470"
"0xcdd0ae6cd426f58e9612fc07e1eea5517c70b2bcfb79b8a66250d37eed1dc24d","22410043","1746357395","2025-05-04 11:16:35","0x290ca4da2c963dea5ae736469a5b8a53d64d4e6a","0xda9dfa130df4de4673b89022ee50ff26f6ea73cf","","0","0","0","0.000022712","0.0568298687300992","1809.00","","","0x68747470"
"0xdebc3e5e603e68d2ac09c6843cb2caa7913d01a74da23c4458c73e1d3ad6b534","22410127","1746358415","2025-05-04 11:33:35","0x290ca4da2c963dea5ae736469a5b8a53d64d4e6a","0xda9dfa130df4de4673b89022ee50ff26f6ea73cf","","0","0","0","0.000022712","0.0568298687300992","1809.00","","","0x68747470"
"0x10eba97f64cf5fcab30b1a816ea035b643abe5cf91407e588f4d7c1ea1634bab","22410372","1746361427","2025-05-04 12:23:47","0x290ca4da2c963dea5ae736469a5b8a53d64d4e6a","0xda9dfa130df4de4673b89022ee50ff26f6ea73cf","","0","0","0","0.000022712","0.0568298687300992","1809.00","","","0x68747470"
"0xf9d24c812664ae56bd9f1c57048f2903fab01b4e964e4686cba189b09b9934e7","22410409","1746361871","2025-05-04 12:31:11","0x290ca4da2c963dea5ae736469a5b8a53d64d4e6a","0xda9dfa130df4de4673b89022ee50ff26f6ea73cf","","0","0","0","0.000022712","0.0568298687300992","1809.00","","","0x68747470"
"0xda476a8145a2d2e04f2f260b7d979ce8afead0ab1f5d8f1e371d72e2d04c88c1","22410495","1746362903","2025-05-04 12:48:23","0x290ca4da2c963dea5ae736469a5b8a53d64d4e6a","0xda9dfa130df4de4673b89022ee50ff26f6ea73cf","","0","0","0","0.000022712","0.0568298687300992","1809.00","","","0x68747470"
"0x48bd0f454764fe0f7ca4aa5ec2fff6cda80b6fee007320f55667110ca55f7bd8","22410744","1746365915","2025-05-04 13:38:35","0x290ca4da2c963dea5ae736469a5b8a53d64d4e6a","0xda9dfa130df4de4673b89022ee50ff26f6ea73cf","","0","0","0","0.000022712","0.0568298687300992","1809.00","","","0x68747470"
"0x05f02dd22bc8809d06f26c4625af2ee3c3f824e84334a748ecdc86a996fbfb7a","22410781","1746366371","2025-05-04 13:46:11","0x290ca4da2c963dea5ae736469a5b8a53d64d4e6a","0xda9dfa130df4de4673b89022ee50ff26f6ea73cf","","0","0","0","0.000022712","0.0568298687300992","1809.00","","","0x68747470"
"0xa7c1fb810af42122edd3fe45eeec8b004d8c163bca28ea5312884daa82ca75ea","22410864","1746367379","2025-05-04 14:02:59","0x290ca4da2c963dea5ae736469a5b8a53d64d4e6a","0xda9dfa130df4de4673b89022ee50ff26f6ea73cf","","0","0","0","0.000022712","0.0568298687300992","1809.00","","","0x68747470"
"0xc8aa87f0dc9f210e30517fa6ad93b81fa04f2fe8786af9fded7f909d2cd2cbd7","22411113","1746370415","2025-05-04 14:53:35","0x290ca4da2c963dea5ae736469a5b8a53d64d4e6a","0xda9dfa130df4de4673b89022ee50ff26f6ea73cf","","0","0","0","0.000022712","0.0568298687300992","1809.00","","","0x68747470"
"0x6d4b48fb84db7886bbfb2eac4bc31358453ed33b6012a83a843efa33142d6a27","22411151","1746370871","2025-05-04 15:01:11","0x290ca4da2c963dea5ae736469a5b8a53d64d4e6a","0xda9dfa130df4de4673b89022ee50ff26f6ea73cf","","0","0","0","0.000022712","0.0568298687300992","1809.00","","","0x68747470"
"0x8bb7e2d2d06f7ea0fc3bcd5de9d762b160b5bd9d32705abd27b36fb6da8a5721","22411242","1746371975","2025-05-04 15:19:35","0x290ca4da2c963dea5ae736469a5b8a53d64d4e6a","0xda9dfa130df4de4673b89022ee50ff26f6ea73cf","","0","0","0","0.000022712","0.0568298687300992","1809.00","","","0x68747470"
"0xe9bcf5d5237a4f0edf903ea7f12ea1b99cd51217b463b0a3958c421830d8313f","22411492","1746374987","2025-05-04 16:09:47","0x290ca4da2c963dea5ae736469a5b8a53d64d4e6a","0xda9dfa130df4de4673b89022ee50ff26f6ea73cf","","0","0","0","0.000022712","0.0568298687300992","1809.00","","","0x68747470"
"0x473630eda1151d7193d377cadfb919179c0f8521abee232aab6ae71824f9711d","22411528","1746375443","2025-05-04 16:17:23","0x290ca4da2c963dea5ae736469a5b8a53d64d4e6a","0xda9dfa130df4de4673b89022ee50ff26f6ea73cf","","0","0","0","0.000022712","0.0568298687300992","1809.00","","","0x68747470"
"0x91d78152dcfb2b2faf7f6f2cfbd22593888c57b7f2dc2470d93302fef8d971a6","22411609","1746376427","2025-05-04 16:33:47","0x290ca4da2c963dea5ae736469a5b8a53d64d4e6a","0xda9dfa130df4de4673b89022ee50ff26f6ea73cf","","0","0","0","0.000022712","0.0568298687300992","1809.00","","","0x68747470"
"0x82a49b99f85a291d49e401a38425f65a823f166719e728d1e152a998622e2f71","22411859","1746379439","2025-05-04 17:23:59","0x290ca4da2c963dea5ae736469a5b8a53d64d4e6a","0xda9dfa130df4de4673b89022ee50ff26f6ea73cf","","0","0","0","0.000022712","0.0568298687300992","1809.00","","","0x68747470"
"0x097c7b7314ff94a1f966c7d1a5a4d07306369efb1dbb40c17571fde469b59f54","22411898","1746379907","2025-05-04 17:31:47","0x290ca4da2c963dea5ae736469a5b8a53d64d4e6a","0xda9dfa130df4de4673b89022ee50ff26f6ea73cf","","0","0","0","0.000022712","0.0568298687300992","1809.00","","","0x68747470"
"0x421177cfeb1af71a0fd0bad82a3cd5e236d3be807b011a5ef588675df71fbd09","22411980","1746380891","2025-05-04 17:48:11","0x290ca4da2c963dea5ae736469a5b8a53d64d4e6a","0xda9dfa130df4de4673b89022ee50ff26f6ea73cf","","0","0","0","0.000022712","0.0568298687300992","1809.00","","","0x68747470"
"0xc6fa22982bb91af60aed62767694bfc0b9eeb7681bacd290109a2d94a432e7c3","22412293","1746384647","2025-05-04 18:50:47","0x290ca4da2c963dea5ae736469a5b8a53d64d4e6a","0xda9dfa130df4de4673b89022ee50ff26f6ea73cf","","0","0","0","0.000022712","0.0568298687300992","1809.00","","","0x68747470"
"0x6c1bc8898cd6386db8af447f73b9b5ebec491dca9cb4e4eb7445f32f46401dc8","22412378","1746385667","2025-05-04 19:07:47","0x290ca4da2c963dea5ae736469a5b8a53d64d4e6a","0xda9dfa130df4de4673b89022ee50ff26f6ea73cf","","0","0","0","0.000022712","0.0568298687300992","1809.00","","","0x68747470"
"0xe0f42ccae248223f48c0211677d062cf9f33c9d88c06a6504fed7de019a936d6","22412643","1746388895","2025-05-04 20:01:35","0x290ca4da2c963dea5ae736469a5b8a53d64d4e6a","0xda9dfa130df4de4673b89022ee50ff26f6ea73cf","","0","0","0","0.000022712","0.0568298687300992","1809.00","","","0x68747470"
"0xf545afc9f50e850376a345e6e9babadefb5901ca2094e3bf49ddd7ec6ec322bf","22412683","1746389375","2025-05-04 20:09:35","0x290ca4da2c963dea5ae736469a5b8a53d64d4e6a","0xda9dfa130df4de4673b89022ee50ff26f6ea73cf","","0","0","0","0.000022712","0.0568298687300992","1809.00","","","0x68747470"
"0x728f5af28695752b5b4d91c6c36edeb99706bde3c2e0ae2d9455d46fb472cd40","22412772","1746390467","2025-05-04 20:27:47","0x290ca4da2c963dea5ae736469a5b8a53d64d4e6a","0xda9dfa130df4de4673b89022ee50ff26f6ea73cf","","0","0","0","0.000022712","0.0568298687300992","1809.00","","","0x68747470"
"0x293af63d36fe387980c3516f094fb2dc043b002890c39dcd15f88f0d518ccafe","22413041","1746393743","2025-05-04 21:22:23","0x290ca4da2c963dea5ae736469a5b8a53d64d4e6a","0xda9dfa130df4de4673b89022ee50ff26f6ea73cf","","0","0","0","0.000022712","0.0568298687300992","1809.00","","","0x68747470"
"0xbd781c3da454d9564cd00ff27f41e861e66355ddc5d42bb82edf0829c1e8a3fd","22413080","1746394211","2025-05-04 21:30:11","0x290ca4da2c963dea5ae736469a5b8a53d64d4e6a","0xda9dfa130df4de4673b89022ee50ff26f6ea73cf","","0","0","0","0.000022712","0.0568298687300992","1809.00","","","0x68747470"
"0x5504d486fea950f91d920fe29df58a030b5e31ab5cd301b5c68be95e2aa929d3","22413165","1746395231","2025-05-04 21:47:11","0x290ca4da2c963dea5ae736469a5b8a53d64d4e6a","0xda9dfa130df4de4673b89022ee50ff26f6ea73cf","","0","0","0","0.000022712","0.0568298687300992","1809.00","","","0x68747470"
"0xd74f4df00e7980a902128bbe2fe6e674a589d119de91e91fceec285f3bf8c915","22413412","1746398219","2025-05-04 22:36:59","0x290ca4da2c963dea5ae736469a5b8a53d64d4e6a","0xda9dfa130df4de4673b89022ee50ff26f6ea73cf","","0","0","0","0.000022712","0.0568298687300992","1809.00","","","0x68747470"
"0x18805eeafb63ad0f81f05f760a052c910ad126f45f9f06c2ab6b1f3f00df126f","22413447","1746398663","2025-05-04 22:44:23","0x290ca4da2c963dea5ae736469a5b8a53d64d4e6a","0xda9dfa130df4de4673b89022ee50ff26f6ea73cf","","0","0","0","0.000022712","0.0568298687300992","1809.00","","","0x68747470"
"0xb2e7043dc52cb447ca4db55426837287d296457821e62bc4f59bbd614b4e095c","22425267","1746541799","2025-05-06 14:29:59","0x06c2f86379e5a38ac4ed369a1d9e936df3e5e4b7","0xda9dfa130df4de4673b89022ee50ff26f6ea73cf","","0.00000556","0","0.0139122080899679","0.000058533372912","0.14646195398551","1816.98","","","Transfer"
"0x0b8d7d32de364d1cf9028329be950dbf586e97400f22b79a2147ed4e38a60be4","22426726","1746559415","2025-05-06 19:23:35","0x06c2f86379e5a38ac4ed369a1d9e936df3e5e4b7","0xda9dfa130df4de4673b89022ee50ff26f6ea73cf","","0.00000556","0","0.0139122080899679","0.00002132607561","0.0533620146814226","1816.98","","","Transfer"
"0x913c3381fdcce5acba8f7db09d361ae1e47429d912ba7659d566e8f640c3faf6","22428727","1746583739","2025-05-07 02:08:59","0x06c2f86379e5a38ac4ed369a1d9e936df3e5e4b7","0xda9dfa130df4de4673b89022ee50ff26f6ea73cf","","0.000009","0","0.0225197612967107","0.00021","0.525461096923249","1811.34","","","Transfer"
"0xd99d5d6f6f1fef00b80ca2fb123e775a87610748b10b9ea6ddebe8f975a7495d","22447375","1746811691","2025-05-09 17:28:11","0x2377b60638eff2450f4bc17ae25223e8fd08a923","0xda9dfa130df4de4673b89022ee50ff26f6ea73cf","","0.000005","0","0.0125109784981726","0.0002832","0.708621822136496","2345.32","","","0x4d657373"
"0xc7fb12836f8d60d032e09fd7b9f9d2d989e2fef251a9026038a9e318abe69f8b","22447416","1746812195","2025-05-09 17:36:35","0x2377b60638eff2450f4bc17ae25223e8fd08a923","0xda9dfa130df4de4673b89022ee50ff26f6ea73cf","","0.000005","0","0.0125109784981726","0.0000961746190392","0.240647718173875","2345.32","","","0x4d657373"
"0xc496f89a6af7a2d47d9b2dbe00e3c8343b95896014fd7d287619a7a49ad57b17","22449571","1746838523","2025-05-10 00:55:23","0x2377b60638eff2450f4bc17ae25223e8fd08a923","0xda9dfa130df4de4673b89022ee50ff26f6ea73cf","","0.000005","0","0.0125109784981726","0.0000609026631608","0.152390381857243","2583.77","","","0x4d657373"
"0x259c47ab896ae974da0b0a1bc1f5265bd1a3d73a8a4dabb7e1d26ae852dd8007","22456588","1746923903","2025-05-11 00:38:23","0x2377b60638eff2450f4bc17ae25223e8fd08a923","0xda9dfa130df4de4673b89022ee50ff26f6ea73cf","","0.000005","0","0.0125109784981726","0.00018927320409828","0.473598597350763","2514.75","","","0x4d657373"
"0xcf27c0bb1dabb4431edf32a8f8186a01d0ec26a97b160a484dbff4c2fcac5efa","22481188","1747223039","2025-05-14 11:43:59","0xda9dfa130df4de4673b89022ee50ff26f6ea73cf","0x267be1c1d684f78cb4f6a176c4911b741e4ffdc0","","0","183033.8","457986387.247765","0.000147","0.367822767846274","2610.07","","","Transfer"
"0x209f22c4f19a9f99e6598cb2e4b3b05db154ffab0775f65076b8659cf0814749","22481193","1747223099","2025-05-14 11:44:59","0xda9dfa130df4de4673b89022ee50ff26f6ea73cf","0x7d1afa7b718fb893db30a3abc0cfc608aacfebb0","","0","0","0","0.000224812","0.562523619626236","2610.07","","","Transfer"
"0xe263242e26a995438b6ea350f89a8676c036c8fa38505f5b1a511b35878cf939","22481212","1747223327","2025-05-14 11:48:47","0xda9dfa130df4de4673b89022ee50ff26f6ea73cf","0x7fc66500c84a76ad7e9c93437bfc5ac33e2ddae9","","0","0","0","0.000276556","0.691997233908124","2610.07","","","Transfer"
"0xf5b93675c26ea73a3f30e313b62ae2763fd2dd6ee117917c2f9c309691bb63e5","22481218","1747223399","2025-05-14 11:49:59","0xda9dfa130df4de4673b89022ee50ff26f6ea73cf","0xd26114cd6ee289accf82350c8d8487fedb8a0c07","","0","0","0","0.000259322","0.648874393220623","2610.07","","","Transfer"
"0xe3a43a9ea0355e4e8e944bdc177dee634a408a6a2723a21b2d5b3bdf7e3280d5","22481228","1747223519","2025-05-14 11:51:59","0xda9dfa130df4de4673b89022ee50ff26f6ea73cf","0x45804880de22913dafe09f4980848ece6ecbaf78","","0","0","0","0.000391272","0.979039115787398","2610.07","","","Transfer"
"0x76f54124e8630170edbd336a51e3e03569b5b9ac5720694d7a5426940002b1b1","22481234","1747223603","2025-05-14 11:53:23","0xda9dfa130df4de4673b89022ee50ff26f6ea73cf","0xdac17f958d2ee523a2206206994597c13d831ec7","","0","0","0","0.000289163","0.723542415093417","2610.07","","","Transfer"
"0xe3aac786331c00e31a494e1cbf486e02b119e5ebe5542d02be594a43fc6fc7f6","22481254","1747223843","2025-05-14 11:57:23","0x267b273308dd2b365fd82e794895c31e0411fdc0","0xda9dfa130df4de4673b89022ee50ff26f6ea73cf","","0.00001","0","0.0250219569963452","0.000042047460483","0.105210974801115","2610.07","","","Transfer"
